SALE TYPE,SOLD DATE,PROPERTY TYPE,ADDRESS,CITY,STATE OR PROVINCE,ZIP OR POSTAL CODE,PRICE,BEDS,BATHS,LOCATION,SQUARE FEET,LOT SIZE,YEAR BUILT,DAYS ON MARKET,$/SQUARE FEET,HOA/MONTH,STATUS,NEXT OPEN HOUSE START TIME,NEXT OPEN HOUSE END TIME,URL (SEE http://www.redfin.com/buy-a-home/comparative-market-analysis FOR INFO ON PRICING),SOURCE,MLS#,FAVORITE,INTERESTED,LATITUDE,LONGITUDE
MLS Listing,,Condo/Co-op,545 Ashbury St #2,San Francisco,CA,94117,849000,1,1.0,San Francisco,,2500,1900,5,,338,Active,,,http://www.redfin.com/CA/San-Francisco/545-Ashbury-St-94117/unit-2/home/114072474,San Francisco MLS,421523837,N,Y,37.7702626,-122.4472325
MLS Listing,,Single Family Residential,506 Mississippi St,San Francisco,CA,94107,1798000,3,2.0,San Francisco,1665,,,5,1080,,Active,,,http://www.redfin.com/CA/San-Francisco/506-Mississippi-St-94107/home/1613525,San Francisco MLS,421523740,N,Y,37.759946,-122.3945489
MLS Listing,,Single Family Residential,336 Bradford St,San Francisco,CA,94110,1190000,3,2.0,San Francisco,1450,1572,1927,15,821,,Active,,,http://www.redfin.com/CA/San-Francisco/336-Bradford-St-94110/home/966133,San Francisco MLS,421521361,N,Y,37.7375892,-122.40986
MLS Listing,,Condo/Co-op,5800 3Rd St #1211,San Francisco,CA,94124,680000,1,1.0,Portola District,817,,2010,15,832,432,Active,,,http://www.redfin.com/CA/San-Francisco/5800-3rd-St-94124/unit-1211/home/40625857,"bridgeMLS, Bay East AOR, or Contra Costa AOR",40938478,N,Y,37.7250528,-122.3951255
MLS Listing,,Condo/Co-op,855 Folsom St #510,San Francisco,CA,94107,975000,1,1.5,San Francisco,1030,55687,2001,18,947,635,Active,,,http://www.redfin.com/CA/San-Francisco/855-Folsom-St-94107/unit-510/home/12398153,San Francisco MLS,421520348,N,Y,37.7807672,-122.4021418
MLS Listing,,Condo/Co-op,45 Western Shore Ln #4,San Francisco,CA,94115,599000,2,1.0,San Francisco,840,,1963,50,713,764,Active,,,http://www.redfin.com/CA/San-Francisco/45-Western-Shore-Ln-94115/unit-4/home/12401212,San Francisco MLS,512296,N,Y,37.7839552,-122.4286985
MLS Listing,,Condo/Co-op,1635 California St #24,San Francisco,CA,94109,899000,2,2.0,San Francisco,915,,2005,50,983,639,Active,,,http://www.redfin.com/CA/San-Francisco/1635-California-St-94109/unit-24/home/12277015,San Francisco MLS,511753,N,Y,37.7901833,-122.4213456
MLS Listing,,Condo/Co-op,1875 Mission St #406,San Francisco,CA,94103,839000,2,1.0,San Francisco,631,,2014,58,1330,647,Active,,,http://www.redfin.com/CA/San-Francisco/1875-Mission-St-94103/unit-406/home/109315389,San Francisco MLS,511833,N,Y,37.7671013,-122.4194461
MLS Listing,,Condo/Co-op,757 North Point St #4,San Francisco,CA,94109,1198000,2,2.0,San Francisco,1190,,1989,82,1007,700,Active,,,http://www.redfin.com/CA/San-Francisco/757-N-Point-St-94109/unit-4/home/1816724,San Francisco MLS,511091,N,Y,37.8055317,-122.4196058
MLS Listing,,Condo/Co-op,1370 Hayes St #1372,San Francisco,CA,94117,1450000,4,2.5,San Francisco,1706,,1900,165,850,286,Active,,,http://www.redfin.com/CA/San-Francisco/1370-Hayes-St-94117/unit-1372/home/148065731,San Francisco MLS,506674,N,Y,37.775124,-122.439022
Redfin Data,,Condo/Co-op,1546 Jones St,San Francisco,CA,94109,1250000,3,2.5,San Francisco,1400,,1910,9,893,355,Pre On-Market,,,http://www.redfin.com/CA/San-Francisco/1546-Jones-St-94109/home/59828627,Coming Soon,67354,N,Y,37.795685,-122.4147753
PAST SALE,,Condo/Co-op,1 Buena Vista Ave E Unit 1A,San Francisco,CA,94117,618000,,1.0,,,2495,1950,,,,Off Market,,,http://www.redfin.com/CA/San-Francisco/143-Valmar-Ter-94112/home/1026409,Coming Soon,,N,Y,37.7252771,-122.4245985
MLS Listing,,Condo/Co-op,461 2nd St Unit C202,San Francisco,CA,94107,1059000,1,1.0,San Francisco,1199,,1907,1,883,726,Active,,,http://www.redfin.com/CA/San-Francisco/461-2nd-St-94107/unit-C202/home/1131715,San Francisco MLS,421518331,N,Y,37.7836993,-122.3935806
MLS Listing,,Single Family Residential,1477 Kansas,San Francisco,CA,94107,1398000,2,2.0,San Francisco,1171,2600,1925,1,1194,,Active,,,http://www.redfin.com/CA/San-Francisco/1477-Kansas-St-94107/home/1247825,San Francisco MLS,421522764,N,Y,37.7509717,-122.4019724
MLS Listing,,Condo/Co-op,577 Page St,San Francisco,CA,94117,1195000,3,1.0,San Francisco,1330,2623,1913,1,898,300,Active,,,http://www.redfin.com/CA/San-Francisco/577-Page-St-94117/home/855728,San Francisco MLS,421525898,N,Y,37.772862,-122.430121
MLS Listing,,Single Family Residential,238 Thrift St,San Francisco,CA,94112,1395000,5,4.0,San Francisco,2199,3123,1925,1,634,,Active,,,http://www.redfin.com/CA/San-Francisco/238-Thrift-St-94112/home/1902122,"bridgeMLS, Bay East AOR, or Contra Costa AOR",40940364,N,Y,37.7176149,-122.4605458
MLS Listing,,Single Family Residential,65 Hiliritas Ave,San Francisco,CA,94131,3450000,4,3.5,Glen Park,3187,3500,2018,1,1083,,Active,,,http://www.redfin.com/CA/San-Francisco/65-Hiliritas-Ave-94131/home/169582420,"bridgeMLS, Bay East AOR, or Contra Costa AOR",40940360,N,Y,37.7374719,-122.437328
MLS Listing,,Condo/Co-op,4132 3rd St #5,San Francisco,CA,94124,988000,2,2.0,San Francisco,1314,5425,2014,1,752,,Active,,,http://www.redfin.com/CA/San-Francisco/4132-3rd-St-94124/unit-5/home/63499201,San Francisco MLS,421525853,N,Y,37.7398859,-122.3892773
MLS Listing,,Condo/Co-op,2412 Harrison St #205,San Francisco,CA,94110,1149000,1,2.0,San Francisco,1320,15313,2002,1,870,768,Active,,,http://www.redfin.com/CA/San-Francisco/2412-Harrison-St-94110/unit-205/home/1234437,San Francisco MLS,421522622,N,Y,37.7584872,-122.412814
MLS Listing,,Single Family Residential,2780 Broadway,San Francisco,CA,94115,19995000,4,5.5,San Francisco,6000,3461,1962,1,3333,,Active,,,http://www.redfin.com/CA/San-Francisco/2780-Broadway-94115/home/1227830,San Francisco MLS,421525664,N,Y,37.79358,-122.442803
MLS Listing,,Single Family Residential,939 Sanchez St,San Francisco,CA,94114,2750000,5,5.5,San Francisco,4700,2914,,1,585,,Active,,,http://www.redfin.com/CA/San-Francisco/939-Sanchez-St-94114/home/716891,San Francisco MLS,421525978,N,Y,37.7541125,-122.4296705
MLS Listing,,Single Family Residential,507 Rockdale Dr,San Francisco,CA,94127,1795000,4,2.5,San Francisco,2012,3057,1934,1,892,,Active,,,http://www.redfin.com/CA/San-Francisco/507-Rockdale-Dr-94127/home/1043191,San Francisco MLS,421525241,N,Y,37.7395188,-122.4497537
MLS Listing,,Single Family Residential,2510 35th Ave,San Francisco,CA,94116,1095000,3,2.0,San Francisco,1619,2374,1931,1,676,,Active,,,http://www.redfin.com/CA/San-Francisco/2510-35th-Ave-94116/home/904818,San Francisco MLS,421524826,N,Y,37.7401624,-122.4923846
MLS Listing,,Single Family Residential,59 Manor Dr,San Francisco,CA,94127,2198000,4,3.0,San Francisco,3071,3009,1930,1,716,,Active,,,http://www.redfin.com/CA/San-Francisco/59-Manor-Dr-94127/home/1043562,San Francisco MLS,421525759,N,Y,37.7275678,-122.4647473
MLS Listing,,Condo/Co-op,14 Jennifer Pl,San Francisco,CA,94107,1029000,2,1.0,San Francisco,1284,,2000,1,801,129,Active,,,http://www.redfin.com/CA/San-Francisco/14-Jennifer-Pl-94107/home/12396903,San Francisco MLS,511830,N,Y,37.7800298,-122.4023817
MLS Listing,,Condo/Co-op,1835 19th Ave Unit A,San Francisco,CA,94122,1195000,3,2.0,San Francisco,1483,3000,2005,1,806,,Active,,,http://www.redfin.com/CA/San-Francisco/1835-19th-Ave-94122/unit-A/home/174621826,San Francisco MLS,421525827,N,Y,37.7535413,-122.4766593
MLS Listing,,Condo/Co-op,839 Hayes St,San Francisco,CA,94117,1595000,4,1.5,San Francisco,1997,3444,,1,799,,Active,,,http://www.redfin.com/CA/San-Francisco/839-Hayes-St-94117/home/40628987,San Francisco MLS,421525790,N,Y,37.7757504,-122.4302457
MLS Listing,,Single Family Residential,1254 Quesada Ave,San Francisco,CA,94131,799000,4,2.0,San Francisco,1515,2500,1966,1,527,,Active,,,http://www.redfin.com/CA/San-Francisco/1254-Quesada-Ave-94124/home/1534099,San Francisco MLS,514824,N,Y,37.7287722,-122.3830712
MLS Listing,,Condo/Co-op,1137 Shrader St,San Francisco,CA,94117,1679000,2,2.0,San Francisco,1639,2500,1923,1,1024,175,Active,,,http://www.redfin.com/CA/San-Francisco/1137-Shrader-St-94117/home/1651638,San Francisco MLS,421521930,N,Y,37.764126,-122.45138
MLS Listing,,Single Family Residential,3928 20th St,San Francisco,CA,94114,5495000,4,3.5,San Francisco,3348,2848,1903,1,1641,,Active,,,http://www.redfin.com/CA/San-Francisco/3928-20th-St-94114/home/1791348,San Francisco MLS,421525597,N,Y,37.7582194,-122.4287857
MLS Listing,,Condo/Co-op,175 Bluxome St #232,SAN FRANCISCO,CA,94107,785000,2,1.0,SAN FRANCISCO,874,,1998,1,898,561,Active,,,http://www.redfin.com/CA/San-Francisco/175-Bluxome-St-94107/unit-232/home/12397921,MLSListings,ML81832790,N,Y,37.7743789,-122.3995747
MLS Listing,,Multi-Family (2-4 Unit),811 Oak St,San Francisco,CA,94117,4495000,18,10.0,San Francisco,5725,2548,1900,1,785,,Active,,,http://www.redfin.com/CA/San-Francisco/811-Oak-St-94117/home/581165,San Francisco MLS,421525864,N,Y,37.7734934,-122.4326977
MLS Listing,,Single Family Residential,1125 Rhode Island St,San Francisco,CA,94107,1559000,3,1.5,San Francisco,2190,2500,1900,1,712,,Active,,,http://www.redfin.com/CA/San-Francisco/1125-Rhode-Island-St-94107/home/1896003,San Francisco MLS,421524638,N,Y,37.7555487,-122.4014082
MLS Listing,,Condo/Co-op,2170 Harrison St #4,San Francisco,CA,94110,980000,1,1.5,San Francisco,1049,6554,1997,1,934,472,Active,,,http://www.redfin.com/CA/San-Francisco/2170-Harrison-St-94110/unit-4/home/12395664,San Francisco MLS,421525596,N,Y,37.7625481,-122.4132387
MLS Listing,,Single Family Residential,660 Myra Way,San Francisco,CA,94127,2645000,4,4.0,San Francisco,2916,3471,1950,1,907,,Active,,,http://www.redfin.com/CA/San-Francisco/660-Myra-Way-94127/home/682903,San Francisco MLS,421524985,N,Y,37.739973,-122.4503951
MLS Listing,,Multi-Family (2-4 Unit),2526 Balboa St,San Francisco,CA,94121,1450000,4,2.0,San Francisco,3500,2970,1925,1,414,,Active,,,http://www.redfin.com/CA/San-Francisco/2526-Balboa-St-94121/home/1765215,San Francisco MLS,421524359,N,Y,37.7763695,-122.4860525
MLS Listing,,Single Family Residential,525 Buena Vista Ave,San Francisco,CA,94117,3250000,4,4.0,San Francisco,3150,5777,1910,1,1032,,Active,,,http://www.redfin.com/CA/San-Francisco/525-Buena-Vista-Ave-W-94117/home/669710,San Francisco MLS,421525788,N,Y,37.7660536,-122.4432515
MLS Listing,,Single Family Residential,1930 Pine St,San Francisco,CA,94109,4350000,4,4.5,San Francisco,3170,2099,2014,1,1372,,Active,,,http://www.redfin.com/CA/San-Francisco/1930-Pine-St-94109/home/570037,San Francisco MLS,421522793,N,Y,37.7888742,-122.4284945
MLS Listing,,Single Family Residential,1865 37th Ave,San Francisco,CA,94122,1599900,4,2.5,San Francisco,1882,2996,1954,1,,,Active,,,http://www.redfin.com/CA/San-Francisco/1865-37th-Ave-94122/home/1307390,MetroList,421525467,N,Y,37.7521596,-122.4959659
MLS Listing,,Condo/Co-op,401 Harrison St Unit 43A,San Francisco,CA,94105,1750000,2,2.0,San Francisco,1078,,2014,1,1623,1356,Active,,,http://www.redfin.com/CA/San-Francisco/401-Harrison-St-94105/unit-43A/home/144064330,San Francisco MLS,421525772,N,Y,37.7864989,-122.3921487
MLS Listing,,Condo/Co-op,2634 Octavia St #7,San Francisco,CA,94123,499500,0,1.0,San Francisco,485,2600,1904,1,1030,108,Active,,,http://www.redfin.com/CA/San-Francisco/2634-Octavia-St-94123/unit-7/home/1442821,San Francisco MLS,421523318,N,Y,37.7966019,-122.4283859
MLS Listing,,Single Family Residential,1332 Chestnut St,San Francisco,CA,94123,1895000,3,2.5,San Francisco,1770,3781,1982,1,1071,1027,Active,,,http://www.redfin.com/CA/San-Francisco/1332-Chestnut-St-94123/home/940746,San Francisco MLS,421525066,N,Y,37.80248,-122.425424
MLS Listing,,Single Family Residential,26 Buena Vista Ter,San Francisco,CA,94117,3295000,4,2.0,San Francisco,,2874,1900,1,,,Active,,,http://www.redfin.com/CA/San-Francisco/26-Buena-Vista-Ter-94117/home/1033990,San Francisco MLS,421523731,N,Y,37.7681068,-122.4384959
MLS Listing,,Condo/Co-op,207 King St #411,San Francisco,CA,94107,1539000,1,2.0,San Francisco,1461,21096,2007,1,1053,940,Active,,,http://www.redfin.com/CA/San-Francisco/207-King-St-94107/unit-411/home/12278052,San Francisco MLS,421519960,N,Y,37.7775275,-122.3916855
MLS Listing,,Single Family Residential,1728 Diamond St,San Francisco,CA,94131,4595000,4,4.0,San Francisco,3699,2068,2014,1,1242,,Active,,,http://www.redfin.com/CA/San-Francisco/1728-Diamond-St-94131/home/69054825,San Francisco MLS,421524750,N,Y,37.7436673,-122.4358104
MLS Listing,,Single Family Residential,3259 - 3261 Clay St,San Francisco,CA,94115,8995000,6,6.5,San Francisco,6000,3681,1912,1,1499,,Active,,,http://www.redfin.com/CA/San-Francisco/3259-Clay-St-94115/home/1872257,San Francisco MLS,421522100,N,Y,37.788868,-122.4465838
MLS Listing,,Condo/Co-op,53 28th St,San Francisco,CA,94110,849000,1,1.0,San Francisco,919,2964,,1,924,,Active,,,http://www.redfin.com/CA/San-Francisco/53-28th-St-94110/home/1647556,San Francisco MLS,421525609,N,Y,37.7452705,-122.4233124
MLS Listing,,Condo/Co-op,857 Fell St,San Francisco,CA,94117,1395000,3,2.0,San Francisco,1751,3391,1917,1,797,300,Active,,,http://www.redfin.com/CA/San-Francisco/857-Fell-St-94117/home/1956928,San Francisco MLS,421523775,N,Y,37.774505,-122.431884
MLS Listing,,Condo/Co-op,25 Parker Ave #25,San Francisco,CA,94118,1225000,2,2.0,San Francisco,1092,4114,1909,1,1122,400,Active,,,http://www.redfin.com/CA/San-Francisco/25-Parker-Ave-94118/unit-25/home/1996062,San Francisco MLS,421525525,N,Y,37.7856313,-122.4550728
MLS Listing,,Single Family Residential,1400 Golden Gate Ave,San Francisco,CA,94115,2495000,4,3.5,San Francisco,3260,11243,1885,1,765,344,Active,,,http://www.redfin.com/CA/San-Francisco/1400-Golden-Gate-Ave-94115/home/1059832,San Francisco MLS,421525499,N,Y,37.7795061,-122.4337916
MLS Listing,,Multi-Family (2-4 Unit),2209 Lincoln Way,San Francisco,CA,94122,1565000,4,2.0,San Francisco,2400,2500,,1,652,,Active,,,http://www.redfin.com/CA/San-Francisco/2209-Lincoln-Way-94122/home/1927235,San Francisco MLS,421525415,N,Y,37.7649813,-122.4818012
MLS Listing,,Single Family Residential,86 San Jacinto Way,San Francisco,CA,94127,3498000,6,3.5,San Francisco,3960,7797,1927,1,883,3,Active,,,http://www.redfin.com/CA/San-Francisco/86-San-Jacinto-Way-94127/home/1165381,San Francisco MLS,421523424,N,Y,37.7327117,-122.4636416
MLS Listing,,Condo/Co-op,11 Kenneth Rexroth Pl,San Francisco,CA,94133,1280000,2,2.0,San Francisco,1035,1330,1911,1,1237,150,Active,,,http://www.redfin.com/CA/San-Francisco/11-Kenneth-Rexroth-Pl-94133/home/28935690,San Francisco MLS,421525645,N,Y,37.7982752,-122.4080257
MLS Listing,,Condo/Co-op,501 Beale St Unit 12E,San Francisco,CA,94105,799000,1,1.0,San Francisco,759,,2006,1,1053,1018,Active,,,http://www.redfin.com/CA/San-Francisco/501-Beale-St-94105/unit-12E/home/22886337,San Francisco MLS,421525339,N,Y,37.7862533,-122.3891164
MLS Listing,,Condo/Co-op,3590 20th St #507,San Francisco,CA,94110,2295000,3,3.0,San Francisco,1671,11105,2015,1,1373,665,Active,,,http://www.redfin.com/CA/San-Francisco/3590-20th-St-94110/unit-507/home/79870143,San Francisco MLS,421525306,N,Y,37.7587508,-122.4209777
MLS Listing,,Condo/Co-op,1746 Bay St,San Francisco,CA,94123,2750000,3,2.0,San Francisco,2135,,1937,1,1288,350,Active,,,http://www.redfin.com/CA/San-Francisco/1746-Bay-St-94123/home/40011597,San Francisco MLS,512037,N,Y,37.8030751,-122.4358453
MLS Listing,,Multi-Family (2-4 Unit),483 - 485 28th St,San Francisco,CA,94131,2325000,5,3.0,San Francisco,2428,2779,1955,1,958,,Active,,,http://www.redfin.com/CA/San-Francisco/483-28th-St-94131/home/1095651,San Francisco MLS,421524810,N,Y,37.7447907,-122.4331321
MLS Listing,,Condo/Co-op,54 Elizabeth St Unit 56A,San Francisco,CA,94110,745000,2,1.0,San Francisco,709,2850,1900,1,,348,Active,,,http://www.redfin.com/CA/San-Francisco/54-Elizabeth-St-94110/unit-56A/home/722438,MetroList,421525598,N,Y,37.7530483,-122.4224829
MLS Listing,,Condo/Co-op,999 Wisconsin St #8,San Francisco,CA,94107,1259000,3,2.0,San Francisco,1906,9187,1988,1,661,591,Active,,,http://www.redfin.com/CA/San-Francisco/999-Wisconsin-St-94107/unit-8/home/1370559,San Francisco MLS,421524641,N,Y,37.7549789,-122.3984038
MLS Listing,,Multi-Family (5+ Unit),1069 Capp St,San Francisco,CA,94110,1995000,5,4.0,San Francisco,3737,2777,,1,534,,Active,,,http://www.redfin.com/CA/San-Francisco/1069-Capp-St-94110/home/109464713,San Francisco MLS,421521996,N,Y,37.7496209,-122.4168042
MLS Listing,,Single Family Residential,2454 - A Bush St,San Francisco,CA,94115,2695000,2,2.0,San Francisco,,2677,1880,1,,,Active,,,http://www.redfin.com/CA/San-Francisco/2454A-Bush-St-94115/home/174615988,San Francisco MLS,506872,N,Y,37.786917,-122.437799
MLS Listing,,Condo/Co-op,1495 Valencia St #4,San Francisco,CA,94110,1795000,3,3.0,San Francisco,1441,,2009,1,1246,404,Active,,,http://www.redfin.com/CA/San-Francisco/1495-Valencia-St-94110/unit-4/home/21963281,San Francisco MLS,514620,N,Y,37.7491382,-122.4200286
MLS Listing,,Vacant Land,350 Octavia St,SAN FRANCISCO,CA,94102,3350000,,,SAN FRANCISCO,,2178,,1,,,Active,,,http://www.redfin.com/CA/San-Francisco/350-Octavia-St-94102/home/169566615,MLSListings,ML81832658,N,Y,37.775532,-122.424014
MLS Listing,,Single Family Residential,57 Nebraska St,San Francisco,CA,94110,2495000,4,3.0,San Francisco,2235,2500,1970,1,1116,,Active,,,http://www.redfin.com/CA/San-Francisco/57-Nebraska-St-94110/home/1075040,San Francisco MLS,421519380,N,Y,37.7404211,-122.4102804
MLS Listing,,Single Family Residential,3581 Clay St,San Francisco,CA,94118,6895000,4,4.5,San Francisco,3882,,,1,1776,,Active,,,http://www.redfin.com/CA/San-Francisco/3581-Clay-St-94118/home/1117709,San Francisco MLS,421525368,N,Y,37.788258,-122.451678
MLS Listing,,Condo/Co-op,1688 Pine St Unit E410,San Francisco,CA,94109,740000,1,1.0,San Francisco,638,35482,2016,1,1160,627,Active,,,http://www.redfin.com/CA/San-Francisco/1688-Pine-St-94109/unit-E410/home/113520396,San Francisco MLS,421524839,N,Y,37.789553,-122.4232788
MLS Listing,,Single Family Residential,2479 Francisco St,San Francisco,CA,94123,4995000,4,3.5,San Francisco,2867,1624,1927,1,1742,,Active,,,http://www.redfin.com/CA/San-Francisco/2479-Francisco-St-94123/home/2015739,San Francisco MLS,421524563,N,Y,37.8003891,-122.4459397
MLS Listing,,Single Family Residential,50 Hopkins Ave,San Francisco,CA,94131,2495000,3,3.0,San Francisco,2098,1315,1958,1,1189,,Active,,,http://www.redfin.com/CA/San-Francisco/50-Hopkins-Ave-94131/home/679118,San Francisco MLS,421524868,N,Y,37.7531816,-122.4444901
MLS Listing,,Single Family Residential,154 Hearst,San Francisco,CA,94131,1295000,3,3.0,San Francisco,1700,2809,1908,1,762,,Active,,,http://www.redfin.com/CA/San-Francisco/154-Hearst-Ave-94131/home/2014771,San Francisco MLS,421520957,N,Y,37.730917,-122.4410397
MLS Listing,,Condo/Co-op,374 11th St #3,San Francisco,CA,94103,848000,1,1.5,San Francisco,1137,2668,2001,1,746,347,Active,,,http://www.redfin.com/CA/San-Francisco/374-11th-St-94103/unit-3/home/1512955,San Francisco MLS,421523985,N,Y,37.7707734,-122.4130789
MLS Listing,,Condo/Co-op,460 Francisco St #302,San Francisco,CA,94133,720000,1,1.0,San Francisco,585,,1982,1,1231,273,Active,,,http://www.redfin.com/CA/San-Francisco/460-Francisco-St-94133/unit-302/home/1424818,San Francisco MLS,421524393,N,Y,37.8049401,-122.4128236
MLS Listing,,Condo/Co-op,20 Parkridge Dr #2,San Francisco,CA,94131,769000,1,2.0,San Francisco,942,8180,1967,1,816,398,Active,,,http://www.redfin.com/CA/San-Francisco/20-Parkridge-Dr-94131/unit-2/home/174613574,San Francisco MLS,421523756,N,Y,37.7512222,-122.445551
MLS Listing,,Single Family Residential,1214 Bowdoin St,San Francisco,CA,94134,1049000,2,1.0,San Francisco,,1750,1951,1,,,Active,,,http://www.redfin.com/CA/San-Francisco/1214-Bowdoin-St-94134/home/1576722,San Francisco MLS,421522986,N,Y,37.7207484,-122.4085989
MLS Listing,,Condo/Co-op,425 1st St #2801,San Francisco,CA,94105,1795000,2,,San Francisco,1042,56024,2008,1,1723,1123,Active,,,http://www.redfin.com/CA/San-Francisco/425-1st-St-94105/unit-2801/home/17306457,San Francisco MLS,421522097,N,Y,37.7860625,-122.3921764
MLS Listing,,Single Family Residential,454 Greenwich St,San Francisco,CA,94133,2500000,2,2.0,San Francisco,1700,1202,1928,1,1471,,Active,,,http://www.redfin.com/CA/San-Francisco/454-Greenwich-St-94133/home/1286726,San Francisco MLS,421521719,N,Y,37.802736,-122.4072598
MLS Listing,,Condo/Co-op,250 King St #368,San Francisco,CA,94107,610000,1,1.0,San Francisco,,213232,2004,1,,799,Active,,,http://www.redfin.com/CA/San-Francisco/250-King-St-94107/unit-368/home/22889188,San Francisco MLS,421520105,N,Y,37.7776422,-122.3934181
MLS Listing,,Condo/Co-op,1932 Fell St #4,San Francisco,CA,94117,399000,0,1.0,San Francisco,,,1905,1,,294,Active,,,http://www.redfin.com/CA/San-Francisco/1932-Fell-St-94117/unit-4/home/12436101,San Francisco MLS,421525043,N,Y,37.7727316,-122.4498877
MLS Listing,,Single Family Residential,612 Arlington St,San Francisco,CA,94131,1469000,3,2.5,San Francisco,2030,1616,1938,2,724,,Active,,,http://www.redfin.com/CA/San-Francisco/612-Arlington-St-94131/home/957967,San Francisco MLS,421525500,N,Y,37.7337454,-122.4322267
MLS Listing,,Condo/Co-op,255 Red Rock Way Unit 106H,San Francisco,CA,94131,759000,1,1.0,San Francisco,744,6993,1972,2,1020,597,Active,,,http://www.redfin.com/CA/San-Francisco/255-Red-Rock-Way-94131/unit-106H/home/1843726,San Francisco MLS,421525240,N,Y,37.7455837,-122.4430524
MLS Listing,,Condo/Co-op,3535 Wawona St #515,SAN FRANCISCO,CA,94116,1334000,2,2.0,SAN FRANCISCO,991,,2020,2,1346,542,Active,,,http://www.redfin.com/CA/San-Francisco/3535-Wawona-St-94116/unit-515/home/174613404,MLSListings,ML81832603,N,Y,37.7360911,-122.5046285
MLS Listing,,Condo/Co-op,631 Folsom St Unit 15B,San Francisco,CA,94107,1298000,2,2.0,San Francisco,,,2009,2,,995,Active,,,http://www.redfin.com/CA/San-Francisco/631-Folsom-St-94107/unit-15B/home/21966085,San Francisco MLS,421525321,N,Y,37.7847302,-122.3968612
MLS Listing,,Condo/Co-op,2447 Vallejo St #1,San Francisco,CA,94123,1295000,1,1.0,San Francisco,1325,4194,1923,2,977,475,Active,,,http://www.redfin.com/CA/San-Francisco/2447-Vallejo-St-94123/unit-1/home/999092,San Francisco MLS,421525161,N,Y,37.79463,-122.4375101
MLS Listing,,Single Family Residential,1721 Cabrillo St,San Francisco,CA,94121,1199000,2,1.0,San Francisco,1018,2500,1923,2,1178,,Active,,,http://www.redfin.com/CA/San-Francisco/1721-Cabrillo-St-94121/home/1643988,San Francisco MLS,421525424,N,Y,37.7746201,-122.4773066
MLS Listing,,Condo/Co-op,88 King St #313,San Francisco,CA,94107,1299000,2,2.0,San Francisco,1363,82157,2000,2,953,1154,Active,,,http://www.redfin.com/CA/San-Francisco/88-King-St-94107/unit-313/home/1489368,San Francisco MLS,421522586,N,Y,37.7806302,-122.3896249
MLS Listing,,Single Family Residential,291 Hearst Ave,SAN FRANCISCO,CA,94131,1500000,2,1.5,SAN FRANCISCO,1525,2495,1925,2,984,,Active,,,http://www.redfin.com/CA/San-Francisco/291-Hearst-Ave-94131/home/1582200,MLSListings,ML81831062,N,Y,37.7305739,-122.4440919
MLS Listing,,Multi-Family (5+ Unit),1935 - 1943 Hayes St,San Francisco,CA,94117,4300000,2,,San Francisco,10230,7609,1926,2,420,,Active,,,http://www.redfin.com/CA/San-Francisco/1935-Hayes-St-94117/home/2012887,San Francisco MLS,421525348,N,Y,37.7735069,-122.4483604
MLS Listing,,Condo/Co-op,2 Mint Plz #307,San Francisco,CA,94103,689000,1,1.0,San Francisco,685,7776,1926,2,1006,792,Active,,,http://www.redfin.com/CA/San-Francisco/2-Mint-Plz-94103/unit-307/home/17306089,San Francisco MLS,421524328,N,Y,37.7831725,-122.407689
MLS Listing,,Single Family Residential,201 Mateo St,San Francisco,CA,94131,1895000,3,2.5,San Francisco,1404,2501,1992,2,1350,,Active,,,http://www.redfin.com/CA/San-Francisco/201-Mateo-St-94131/home/806887,San Francisco MLS,421524593,N,Y,37.7363637,-122.4288154
MLS Listing,,Multi-Family (2-4 Unit),1612 - 1614 Anza St,San Francisco,CA,94118,1795000,4,2.0,San Francisco,1970,2612,1906,2,911,,Active,,,http://www.redfin.com/CA/San-Francisco/1612-Anza-St-94118/unit-1614/home/1595522,San Francisco MLS,421523336,N,Y,37.7792744,-122.4655857
MLS Listing,,Condo/Co-op,263 Texas St,San Francisco,CA,94107,798000,2,1.5,San Francisco,1073,2511,1880,2,744,200,Active,,,http://www.redfin.com/CA/San-Francisco/263-Texas-St-94107/home/1015498,San Francisco MLS,421525301,N,Y,37.7631236,-122.3953011
MLS Listing,,Condo/Co-op,900 Bush #717,San Francisco,CA,94109,799000,2,2.0,San Francisco,901,,,2,887,1144,Active,,,http://www.redfin.com/CA/San-Francisco/900-Bush-St-94109/unit-717/home/2030377,San Francisco MLS,421525302,N,Y,37.7899451,-122.4127266
MLS Listing,,Condo/Co-op,862 26th Ave,San Francisco,CA,94121,1495000,2,2.0,San Francisco,1823,2945,1927,2,820,300,Active,,,http://www.redfin.com/CA/San-Francisco/862-26th-Ave-94121/home/40136004,San Francisco MLS,421525135,N,Y,37.773236,-122.484985
MLS Listing,,Single Family Residential,444 Lakeview Ave,San Francisco,CA,94112,1395000,3,2.0,San Francisco,1950,2692,1942,2,715,,Active,,,http://www.redfin.com/CA/San-Francisco/444-Lakeview-Ave-94112/home/1150922,San Francisco MLS,507307,N,Y,37.7181885,-122.4538119
MLS Listing,,Single Family Residential,2849 Steiner St,San Francisco,CA,94123,3495000,4,3.0,San Francisco,3048,2200,1907,2,1147,,Active,,,http://www.redfin.com/CA/San-Francisco/2849-Steiner-St-94123/home/564323,San Francisco MLS,512065,N,Y,37.7957119,-122.4371635
MLS Listing,,Condo/Co-op,588 Minna St #506,San Francisco,CA,94103,799000,1,1.0,San Francisco,690,8084,2021,2,1158,556,Active,,,http://www.redfin.com/CA/San-Francisco/588-Minna-94103/unit-506/home/174610411,San Francisco MLS,421525205,N,Y,37.7790369,-122.4101047
MLS Listing,,Single Family Residential,2427 Green St,San Francisco,CA,94123,8995000,4,3.5,San Francisco,,3711,1900,2,,,Active,,,http://www.redfin.com/CA/San-Francisco/2427-Green-St-94123/home/562942,San Francisco MLS,421523749,N,Y,37.7953649,-122.4397563
MLS Listing,,Condo/Co-op,465 10th St #306,San Francisco,CA,94103,749000,1,1.5,San Francisco,694,9600,1924,2,1079,688,Active,,,http://www.redfin.com/CA/San-Francisco/465-10th-St-94103/unit-306/home/12395619,San Francisco MLS,421523736,N,Y,37.7709523,-122.4100535
MLS Listing,,Condo/Co-op,601 Van Ness Ave #31,San Francisco,CA,94102,795000,2,2.0,San Francisco,1072,105806,1982,2,742,1130,Active,,,http://www.redfin.com/CA/San-Francisco/601-Van-Ness-Ave-94102/unit-31/home/577342,San Francisco MLS,515401,N,Y,37.7813857,-122.4214063
MLS Listing,,Single Family Residential,18 Farallones St,San Francisco,CA,94112,849000,2,1.0,San Francisco,925,3123,,2,918,,Active,,,http://www.redfin.com/CA/San-Francisco/18-Farallones-St-94112/home/1504784,San Francisco MLS,421525166,N,Y,37.7142614,-122.4528057
MLS Listing,,Condo/Co-op,588 Minna St #402,San Francisco,CA,94103,629000,1,1.0,San Francisco,,8084,2021,2,,524,Active,,,http://www.redfin.com/CA/San-Francisco/588-Minna-94103/unit-402/home/174609867,San Francisco MLS,421525189,N,Y,37.7790369,-122.4101047
MLS Listing,,Single Family Residential,20 Pinehurst Way,San Francisco,CA,94127,1775000,3,2.0,San Francisco,2209,3515,1928,2,804,,Active,,,http://www.redfin.com/CA/San-Francisco/20-Pinehurst-Way-94127/home/701831,San Francisco MLS,421521870,N,Y,37.7270448,-122.4655601
MLS Listing,,Condo/Co-op,555 Golden Gate Ave Unit 7B,San Francisco,CA,94102,988000,2,1.0,San Francisco,754,,2020,2,1310,611,Active,,,http://www.redfin.com/CA/San-Francisco/555-Golden-Gate-Ave-94102/unit-7B/home/174609866,San Francisco MLS,421524854,N,Y,37.7808655,-122.4196054
MLS Listing,,Condo/Co-op,555 Golden Gate Ave Unit 8B2,San Francisco,CA,94102,798888,1,1.0,San Francisco,664,,2020,2,1203,612,Active,,,http://www.redfin.com/CA/San-Francisco/555-Golden-Gate-Ave-94102/unit-8B2/home/174609797,San Francisco MLS,421525187,N,Y,37.7808655,-122.4196054
MLS Listing,,Condo/Co-op,25 Sierra St Unit W302,San Francisco,CA,94107,1450000,2,2.5,San Francisco,2009,48750,2006,2,722,962,Active,,,http://www.redfin.com/CA/San-Francisco/25-Sierra-St-94107/unit-W302/home/174609796,San Francisco MLS,421523767,N,Y,37.7581766,-122.3957327
MLS Listing,,Condo/Co-op,2150 Hayes St #2,San Francisco,CA,94117,1949000,3,3.0,San Francisco,1734,3725,2021,2,1124,565,Active,,,http://www.redfin.com/CA/San-Francisco/2150-Hayes-St-94117/unit-2/home/174609737,San Francisco MLS,421525169,N,Y,37.7733976,-122.4518079
MLS Listing,,Condo/Co-op,555 Golden Gate Ave Unit 2B,San Francisco,CA,94102,689000,1,1.0,San Francisco,573,,2020,2,1202,553,Active,,,http://www.redfin.com/CA/San-Francisco/555-Golden-Gate-Ave-94102/unit-2B/home/174609700,San Francisco MLS,421524838,N,Y,37.7808655,-122.4196054
MLS Listing,,Single Family Residential,96 Alpha St,San Francisco,CA,94134,1299000,4,3.5,San Francisco,2896,2208,2008,2,449,,Active,,,http://www.redfin.com/CA/San-Francisco/96-Alpha-St-94134/home/8184862,San Francisco MLS,421522278,N,Y,37.7148537,-122.403512
MLS Listing,,Condo/Co-op,2448 Lombard St Unit 4F,San Francisco,CA,94123,1798888,2,2.0,San Francisco,1136,,2020,2,1584,682,Active,,,http://www.redfin.com/CA/San-Francisco/2448-Lombard-St-94123/unit-4F/home/174609384,San Francisco MLS,421524812,N,Y,37.7993413,-122.441967
MLS Listing,,Condo/Co-op,3226 Divisadero St Unit P2,San Francisco,CA,94123,1458000,2,2.0,San Francisco,1022,,2020,2,1427,659,Active,,,http://www.redfin.com/CA/San-Francisco/3226-Divisadero-St-94123/unit-P2/home/174609230,San Francisco MLS,421524784,N,Y,37.7995602,-122.4425586
MLS Listing,,Single Family Residential,34 Clipper St,San Francisco,CA,94114,1895000,3,2.0,San Francisco,1694,2970,1900,2,1119,,Active,,,http://www.redfin.com/CA/San-Francisco/34-Clipper-St-94114/home/1769234,San Francisco MLS,421524512,N,Y,37.7496269,-122.42581
MLS Listing,,Condo/Co-op,280 Spear St Unit 4K,San Francisco,CA,94105,825000,1,1.0,San Francisco,650,43996,,2,1269,1078,Active,,,http://www.redfin.com/CA/San-Francisco/280-Spear-St-94105/unit-4K/home/170519965,San Francisco MLS,421525102,N,Y,37.7903739,-122.3913812
MLS Listing,,Single Family Residential,2968 Sloat Blvd,San Francisco,CA,94116,1728000,4,3.5,San Francisco,2393,1366,1997,2,722,,Active,,,http://www.redfin.com/CA/San-Francisco/2968-Sloat-Blvd-94116/home/1873234,San Francisco MLS,421522774,N,Y,37.7357205,-122.5058247
MLS Listing,,Single Family Residential,41 Seminole Ave,San Francisco,CA,94112,949000,2,1.0,San Francisco,1087,2186,1930,2,873,,Active,,,http://www.redfin.com/CA/San-Francisco/41-Seminole-Ave-94112/home/1615112,San Francisco MLS,421524229,N,Y,37.718807,-122.4449324
MLS Listing,,Single Family Residential,3169 Washington St,San Francisco,CA,94115,3500000,5,4.5,San Francisco,3670,3192,1900,2,954,,Active,,,http://www.redfin.com/CA/San-Francisco/3169-Washington-St-94115/home/1188897,San Francisco MLS,421524320,N,Y,37.7899821,-122.4453909
MLS Listing,,Single Family Residential,284 Wheeler Ave,San Francisco,CA,94134,1238000,3,3.0,San Francisco,2000,2966,1924,2,619,,Active,,,http://www.redfin.com/CA/San-Francisco/284-Wheeler-Ave-94134/home/1122035,San Francisco MLS,421525047,N,Y,37.7120933,-122.4001138
MLS Listing,,Multi-Family (2-4 Unit),1405 48th Ave,San Francisco,CA,94122,1795000,4,4.0,San Francisco,2844,2099,1955,2,631,,Active,,,http://www.redfin.com/CA/San-Francisco/1405-48th-Ave-94122/home/1669111,San Francisco MLS,421524209,N,Y,37.7601002,-122.5082746
MLS Listing,,Condo/Co-op,25 Sierra St Unit E202,San Francisco,CA,94107,1250000,2,2.0,San Francisco,1242,48750,2006,2,1006,811,Active,,,http://www.redfin.com/CA/San-Francisco/25-Sierra-St-94107/unit-E202/home/12402480,San Francisco MLS,421524480,N,Y,37.7581766,-122.3957327
MLS Listing,,Condo/Co-op,8400 Oceanview Ter #111,San Francisco,CA,94132,599000,1,1.0,San Francisco,669,325629,2002,2,895,609,Active,,,http://www.redfin.com/CA/San-Francisco/8400-Oceanview-Ter-94132/unit-111/home/2022817,San Francisco MLS,421523032,N,Y,37.7104174,-122.4677028
MLS Listing,,Multi-Family (2-4 Unit),2482 - 2484 Great Hwy,San Francisco,CA,94116,1499000,4,2.0,San Francisco,2150,3000,1945,2,697,,Active,,,http://www.redfin.com/CA/San-Francisco/2482-Great-Hwy-94116/home/659511,San Francisco MLS,421524990,N,Y,37.7401758,-122.5063308
MLS Listing,,Multi-Family (2-4 Unit),770 - 772 Capp St,San Francisco,CA,94110,1799000,6,3.0,San Francisco,2184,2450,1890,2,824,,Active,,,http://www.redfin.com/CA/San-Francisco/770-Capp-St-94110/home/1783599,San Francisco MLS,421524718,N,Y,37.7543816,-122.4178657
MLS Listing,,Multi-Family (5+ Unit),1674 Washington St,San Francisco,CA,94109,2175000,3,4.0,San Francisco,5077,2195,1911,3,428,,Active,,,http://www.redfin.com/CA/San-Francisco/1674-Washington-St-94109/home/568822,San Francisco MLS,513183,N,Y,37.7934864,-122.4208169
MLS Listing,,Condo/Co-op,2708 Greenwich St #3,San Francisco,CA,94123,2995000,3,2.5,San Francisco,1998,3700,1891,3,1499,200,Active,,,http://www.redfin.com/CA/San-Francisco/2708-Greenwich-St-94123/unit-3/home/2021009,San Francisco MLS,421525020,N,Y,37.7980581,-122.444494
MLS Listing,,Condo/Co-op,1041 Alabama St,San Francisco,CA,94115,950000,2,1.0,San Francisco,1430,2596,1900,3,664,,Active,,,http://www.redfin.com/CA/San-Francisco/1041-Alabama-St-94110/home/733529,San Francisco MLS,421524708,N,Y,37.7552097,-122.4109293
MLS Listing,,Condo/Co-op,1043 Alabama St,San Francisco,CA,94110,850000,3,1.0,San Francisco,1470,2956,,3,578,,Active,,,http://www.redfin.com/CA/San-Francisco/1043-Alabama-St-94110/home/12355069,San Francisco MLS,421524853,N,Y,37.7552242,-122.4109789
MLS Listing,,Multi-Family (2-4 Unit),948 - 950 Jackson St,San Francisco,CA,94133,2295000,10,1.0,San Francisco,4362,1459,1908,3,526,,Active,,,http://www.redfin.com/CA/San-Francisco/948-Jackson-St-94133/home/1098247,San Francisco MLS,421524560,N,Y,37.7956647,-122.4108272
MLS Listing,,Condo/Co-op,601 Van Ness Ave #1030,San Francisco,CA,94102,680000,1,1.0,San Francisco,672,105806,1982,3,1012,940,Active,,,http://www.redfin.com/CA/San-Francisco/601-Van-Ness-Ave-94102/unit-1030/home/578718,San Francisco MLS,421525009,N,Y,37.7813857,-122.4214063
MLS Listing,,Single Family Residential,875 Church St,San Francisco,CA,94114,2995000,4,3.0,San Francisco,2590,2625,1900,3,1156,,Active,,,http://www.redfin.com/CA/San-Francisco/875-Church-St-94114/home/965132,San Francisco MLS,421524071,N,Y,37.7569214,-122.4276797
MLS Listing,,Condo/Co-op,2407 Harrison St #6,San Francisco,CA,94110,999000,2,2.5,San Francisco,1143,10375,2003,3,874,679,Active,,,http://www.redfin.com/CA/San-Francisco/2407-2411-Harrison-St-94110/unit-6/home/114074031,San Francisco MLS,421524867,N,Y,37.758744,-122.412168
MLS Listing,,Condo/Co-op,181 Fremont Unit 55A,San Francisco,CA,94105,4935000,2,2.5,San Francisco,2013,,2018,3,2452,2963,Active,,,http://www.redfin.com/CA/San-Francisco/181-Fremont-St-94105/unit-55A/home/167299421,San Francisco MLS,421523051,N,Y,37.7898082,-122.3953565
MLS Listing,,Condo/Co-op,301 Mission St Unit 4E,San Francisco,CA,94105,1225000,2,2.0,San Francisco,1136,,2009,3,1078,1629,Active,,,http://www.redfin.com/CA/San-Francisco/301-Mission-St-94105/unit-4E/home/40142383,San Francisco MLS,421524906,N,Y,37.7903824,-122.3961531
MLS Listing,,Single Family Residential,588 12th Ave,SAN FRANCISCO,CA,94118,1399000,3,2.0,SAN FRANCISCO,1770,1437,1914,3,790,,Active,,,http://www.redfin.com/CA/San-Francisco/588-12th-Ave-94118/home/1692479,MLSListings,ML81832334,N,Y,37.7773068,-122.4703085
MLS Listing,,Multi-Family (2-4 Unit),1333 - 1335 42nd Ave,San Francisco,CA,94122,1495000,6,3.0,San Francisco,2925,2996,1947,3,511,,Active,,,http://www.redfin.com/CA/San-Francisco/1333-42nd-Ave-94122/home/1867048,San Francisco MLS,421524855,N,Y,37.7617772,-122.5020925
MLS Listing,,Multi-Family (2-4 Unit),1237 - 1241 Taylor St,San Francisco,CA,94108,2900000,10,6.0,San Francisco,4819,3781,1908,3,602,,Active,,,http://www.redfin.com/CA/San-Francisco/1237-Taylor-St-94108/home/548666,San Francisco MLS,421524858,N,Y,37.793939,-122.4132902
MLS Listing,,Multi-Family (2-4 Unit),4238 - 4240 21st St,San Francisco,CA,94114,3195000,6,4.0,San Francisco,3931,3032,1955,3,813,,Active,,,http://www.redfin.com/CA/San-Francisco/4238-21st-St-94114/home/675822,San Francisco MLS,508475,N,Y,37.7556417,-122.4384252
MLS Listing,,Single Family Residential,431 Joost Ave,San Francisco,CA,94127,959000,3,1.0,San Francisco,1135,2500,1947,3,845,,Active,,,http://www.redfin.com/CA/San-Francisco/431-Joost-Ave-94127/home/1928069,San Francisco MLS,513337,N,Y,37.7322109,-122.4450651
MLS Listing,,Single Family Residential,1914 34th Ave,San Francisco,CA,94116,1498000,4,2.0,San Francisco,1460,2996,1942,3,1026,,Active,,,http://www.redfin.com/CA/San-Francisco/1914-34th-Ave-94116/home/1386157,San Francisco MLS,421520072,N,Y,37.7513304,-122.4921794
MLS Listing,,Multi-Family (2-4 Unit),359 - 361 Arlington St,San Francisco,CA,94131,1698000,0,,San Francisco,2530,1837,1900,3,671,,Active,,,http://www.redfin.com/CA/San-Francisco/359-Arlington-St-94131/home/1046150,San Francisco MLS,512385,N,Y,37.7360721,-122.4277544
MLS Listing,,Condo/Co-op,2121 Webster St #603,San Francisco,CA,94118,2998000,2,2.0,San Francisco,1360,47275,2016,3,2204,1735,Active,,,http://www.redfin.com/CA/San-Francisco/2121-Webster-St-94115/unit-603/home/113689128,San Francisco MLS,421517414,N,Y,37.7902671,-122.4331765
MLS Listing,,Condo/Co-op,1900 Sutter St #5,San Francisco,CA,94115,695000,1,1.0,San Francisco,567,9669,1980,3,1226,514,Active,,,http://www.redfin.com/CA/San-Francisco/1900-Sutter-St-94115/unit-5/home/174603823,San Francisco MLS,421524825,N,Y,37.786447,-122.431999
MLS Listing,,Single Family Residential,888 Moultrie St,San Francisco,CA,94110,995000,3,2.0,San Francisco,1277,1750,1992,3,779,,Active,,,http://www.redfin.com/CA/San-Francisco/888-Moultrie-St-94110/home/1213983,San Francisco MLS,421523730,N,Y,37.7333757,-122.4165414
MLS Listing,,Single Family Residential,137 Ashton Ave,San Francisco,CA,94112,1195000,3,2.5,San Francisco,1605,2151,,3,745,,Active,,,http://www.redfin.com/CA/San-Francisco/137-Ashton-Ave-94132/home/1822318,San Francisco MLS,421524716,N,Y,37.7207164,-122.4624475
MLS Listing,,Single Family Residential,864 Chenery St,San Francisco,CA,94131,1495000,2,1.0,San Francisco,,3737,1904,3,,,Active,,,http://www.redfin.com/CA/San-Francisco/864-Chenery-St-94131/home/1785444,San Francisco MLS,421524256,N,Y,37.7350316,-122.4366173
MLS Listing,,Condo/Co-op,60 Rausch St #307,San Francisco,CA,94103,1099000,2,2.0,San Francisco,1358,16836,2002,3,809,584,Active,,,http://www.redfin.com/CA/San-Francisco/60-Rausch-St-94103/unit-307/home/12398677,San Francisco MLS,421523989,N,Y,37.7761258,-122.4096776
MLS Listing,,Single Family Residential,1 Idora Ave,San Francisco,CA,94127,1599000,3,2.0,San Francisco,1647,3349,1948,3,971,,Active,,,http://www.redfin.com/CA/San-Francisco/1-Idora-Ave-94127/home/1827792,San Francisco MLS,421524208,N,Y,37.74583,-122.4545307
MLS Listing,,Condo/Co-op,1770 Pacific Ave #303,San Francisco,CA,94109,1549000,2,2.0,San Francisco,1500,8108,1902,3,1033,758,Active,,,http://www.redfin.com/CA/San-Francisco/1770-Pacific-Ave-94109/unit-303/home/1594548,San Francisco MLS,421523450,N,Y,37.7949269,-122.4245083
MLS Listing,,Vacant Land,8 Orizaba Ave,SAN FRANCISCO,CA,94112,498000,,,SAN FRANCISCO,,2495,,3,,,Active,,,http://www.redfin.com/CA/San-Francisco/8-Orizaba-Ave-94112/unit-V/home/110066947,MLSListings,ML81832245,N,Y,37.7098256,-122.4622799
MLS Listing,,Condo/Co-op,101 Lombard St Unit 114W,San Francisco,CA,94111,950000,1,1.0,San Francisco,1062,113438,1983,3,895,1069,Active,,,http://www.redfin.com/CA/San-Francisco/101-Lombard-St-94111/unit-114W/home/1625953,San Francisco MLS,513811,N,Y,37.8037119,-122.4045338
MLS Listing,,Single Family Residential,401 Marietta Dr,San Francisco,CA,94127,1799000,5,2.5,San Francisco,2800,3972,,3,643,,Active,,,http://www.redfin.com/CA/San-Francisco/401-Marietta-Dr-94127/home/689620,San Francisco MLS,421521813,N,Y,37.737961,-122.4437127
MLS Listing,,Condo/Co-op,1905 Laguna St #305,San Francisco,CA,94115,1080000,1,1.0,San Francisco,768,6250,1924,3,1406,655,Active,,,http://www.redfin.com/CA/San-Francisco/1905-Laguna-St-94115/unit-305/home/1312913,San Francisco MLS,421519317,N,Y,37.7887184,-122.4290363
MLS Listing,,Single Family Residential,4258 26th St,San Francisco,CA,94131,6500000,5,4.5,Noe Valley,3980,2964,1890,3,1633,,Active,,,http://www.redfin.com/CA/San-Francisco/4258-26th-St-94131/home/2025296,"bridgeMLS, Bay East AOR, or Contra Costa AOR",40939817,N,Y,37.7482178,-122.4351562
MLS Listing,,Single Family Residential,815 Peru Ave,San Francisco,CA,94112,1050000,2,1.0,San Francisco,,2374,1950,3,,,Active,,,http://www.redfin.com/CA/San-Francisco/815-Peru-Ave-94112/home/1849810,San Francisco MLS,421524317,N,Y,37.7248954,-122.4229713
MLS Listing,,Condo/Co-op,1177 California St #1207,San Francisco,CA,94109,1299000,2,2.0,San Francisco,1059,,1978,3,1227,1350,Active,,,http://www.redfin.com/CA/San-Francisco/1177-California-St-94108/unit-1207/home/989297,San Francisco MLS,421524622,N,Y,37.7910262,-122.4136476
MLS Listing,,Single Family Residential,545 Melrose Ave,San Francisco,CA,94127,1050000,2,1.0,San Francisco,875,1851,1940,3,1200,,Active,,,http://www.redfin.com/CA/San-Francisco/545-Melrose-Ave-94127/home/1637640,San Francisco MLS,421521763,N,Y,37.7333357,-122.4530269
MLS Listing,,Condo/Co-op,181 Ofarrell St #513,San Francisco,CA,94102,2395000,3,2.0,San Francisco,2516,18882,2006,3,952,,Active,,,http://www.redfin.com/CA/San-Francisco/181-O-Farrell-St-94102/unit-513/home/17306929,San Francisco MLS,421516220,N,Y,37.7861884,-122.4076329
MLS Listing,,Single Family Residential,27 Boardman Pl,San Francisco,CA,94103,1895000,4,2.0,San Francisco,2878,2953,1936,3,658,,Active,,,http://www.redfin.com/CA/San-Francisco/27-Boardman-Pl-94103/home/727003,San Francisco MLS,421524274,N,Y,37.774915,-122.402951
MLS Listing,,Condo/Co-op,862 De Haro St Unit A,San Francisco,CA,94107,1599000,2,2.0,San Francisco,1775,2519,1981,3,901,100,Active,,,http://www.redfin.com/CA/San-Francisco/862-De-Haro-St-94107/unit-A/home/1396389,San Francisco MLS,421524086,N,Y,37.7587933,-122.4013362
MLS Listing,,Single Family Residential,2278 14th Ave,San Francisco,CA,94116,2185000,5,5.5,San Francisco,2388,3000,1933,3,915,,Active,,,http://www.redfin.com/CA/San-Francisco/2278-14th-Ave-94116/home/2036613,San Francisco MLS,421524226,N,Y,37.7456031,-122.4701521
MLS Listing,,Condo/Co-op,501 Beale St Ph 2E,San Francisco,CA,94105,2295000,3,2.0,San Francisco,1362,22594,2006,3,1685,1188,Active,,,http://www.redfin.com/CA/San-Francisco/501-Beale-St-94105/unit-2E/home/8190517,San Francisco MLS,421523840,N,Y,37.7862533,-122.3891164
MLS Listing,,Condo/Co-op,394 Eureka St,San Francisco,CA,94114,1995000,3,2.0,San Francisco,1397,2746,1960,3,1428,300,Active,,,http://www.redfin.com/CA/San-Francisco/394-Eureka-St-94114/home/49786436,San Francisco MLS,421523834,N,Y,37.7557607,-122.4379186
MLS Listing,,Condo/Co-op,1300 22nd St #401,San Francisco,CA,94107,1475000,2,,San Francisco,969,32000,2016,3,1522,754,Active,,,http://www.redfin.com/CA/San-Francisco/1300-22nd-St-94107/unit-401/home/167315288,San Francisco MLS,421523727,N,Y,37.7578379,-122.3944714
MLS Listing,,Condo/Co-op,69 Summit Way,San Francisco,CA,94132,1395000,3,2.0,San Francisco,2133,1306,,3,654,314,Active,,,http://www.redfin.com/CA/San-Francisco/69-Summit-Way-94132/home/109315227,San Francisco MLS,421521048,N,Y,37.7148938,-122.4748004
MLS Listing,,Condo/Co-op,2465 Union St #3,San Francisco,CA,94123,2495000,3,2.0,San Francisco,1992,7338,1955,3,1253,,Active,,,http://www.redfin.com/CA/San-Francisco/2465-Union-St-94123/unit-3/home/1126700,San Francisco MLS,421520660,N,Y,37.79625,-122.4397278
MLS Listing,,Condo/Co-op,5853 Mission St #4,San Francisco,CA,94112,628000,2,1.0,San Francisco,805,9825,1980,3,780,280,Active,,,http://www.redfin.com/CA/San-Francisco/5853-Mission-St-94112/unit-4/home/2028084,San Francisco MLS,421524600,N,Y,37.7088126,-122.451422
MLS Listing,,Multi-Family (2-4 Unit),5331 California St,San Francisco,CA,94118,1795000,2,3.0,Lake/Richmond,1603,2495,1906,4,1120,,Active,,,http://www.redfin.com/CA/San-Francisco/5331-California-St-94118/home/1627907,"bridgeMLS, Bay East AOR, or Contra Costa AOR",40939779,N,Y,37.784127,-122.4748302
MLS Listing,,Single Family Residential,431 San Miguel St,San Francisco,CA,94112,899000,2,1.0,San Francisco,1500,2130,1946,4,599,,Active,,,http://www.redfin.com/CA/San-Francisco/431-San-Miguel-St-94112/home/822406,San Francisco MLS,421524499,N,Y,37.7182123,-122.4492561
MLS Listing,,Condo/Co-op,2655 Bush St #306,San Francisco,CA,94115,1495000,2,2.0,San Francisco,1311,33520,2017,4,1140,879,Active,,,http://www.redfin.com/CA/San-Francisco/2655-Bush-St-94115/unit-306/home/113432553,San Francisco MLS,421523870,N,Y,37.7858213,-122.4407699
MLS Listing,,Single Family Residential,55 La Grande Ave,San Francisco,CA,94112,1377700,4,4.0,San Francisco,1931,2620,1991,4,713,,Active,,,http://www.redfin.com/CA/San-Francisco/55-La-Grande-Ave-94112/home/1176847,San Francisco MLS,421524491,N,Y,37.724412,-122.423709
MLS Listing,,Condo/Co-op,611 Washington #2402,San Francisco,CA,94111,3998000,2,2.5,San Francisco,2624,,1984,4,1524,2020,Active,,,http://www.redfin.com/CA/San-Francisco/611-Washington-St-94111/unit-2402/home/546587,San Francisco MLS,421524316,N,Y,37.7952121,-122.4036474
MLS Listing,,Single Family Residential,150 Beaumont Ave,San Francisco,CA,94118,2795000,5,3.0,San Francisco,2904,2870,1948,4,962,,Active,,,http://www.redfin.com/CA/San-Francisco/150-Beaumont-Ave-94118/home/593529,San Francisco MLS,421523624,N,Y,37.7789,-122.4543538
MLS Listing,,Condo/Co-op,555 Fulton St #226,San Francisco,CA,94102,739000,1,1.0,San Francisco,729,,,4,1014,680,Active,,,http://www.redfin.com/CA/San-Francisco/555-Fulton-St-94102/unit-226/home/92933364,San Francisco MLS,421524521,N,Y,37.7781581,-122.4261091
MLS Listing,,Condo/Co-op,555 Fulton St #212,San Francisco,CA,94102,1199000,2,2.0,San Francisco,1043,,,4,1150,821,Active,,,http://www.redfin.com/CA/San-Francisco/555-Fulton-St-94102/unit-212/home/147287037,San Francisco MLS,421524518,N,Y,37.7781581,-122.4261091
MLS Listing,,Single Family Residential,2267 31st Ave,San Francisco,CA,94116,1195000,2,1.0,San Francisco,1240,3000,1926,4,964,,Active,,,http://www.redfin.com/CA/San-Francisco/2267-31st-Ave-94116/home/1493765,San Francisco MLS,421524492,N,Y,37.744968,-122.4890292
MLS Listing,,Condo/Co-op,1 Stanyan St #31,San Francisco,CA,94118,1599000,2,2.0,San Francisco,,,2018,4,,641,Active,,,http://www.redfin.com/CA/San-Francisco/1-Stanyan-St-94118/unit-31/home/173332081,San Francisco MLS,421524196,N,Y,37.7812156,-122.4563478
MLS Listing,,Single Family Residential,210 Holladay Ave,San Francisco,CA,94110,1795000,3,3.0,San Francisco,2300,2400,2008,4,780,,Active,,,http://www.redfin.com/CA/San-Francisco/210-Holladay-Ave-94110/home/21912976,San Francisco MLS,421518600,N,Y,37.7463416,-122.4054163
MLS Listing,,Condo/Co-op,181 Fremont Unit 67C,San Francisco,CA,94105,5400000,2,2.5,San Francisco,1748,,2018,4,3089,2863,Active,,,http://www.redfin.com/CA/San-Francisco/181-Fremont-St-94105/unit-67C/home/167299508,San Francisco MLS,421524395,N,Y,37.7898082,-122.3953565
MLS Listing,,Single Family Residential,1412 Diamond St,San Francisco,CA,94131,2795000,3,3.5,San Francisco,2215,1245,1922,4,1262,,Active,,,http://www.redfin.com/CA/San-Francisco/1412-Diamond-St-94131/home/1901822,San Francisco MLS,421524073,N,Y,37.7460877,-122.4359954
MLS Listing,,Condo/Co-op,1029 Treat Ave,San Francisco,CA,94110,1750000,3,1.5,San Francisco,1721,,1903,4,1017,369,Active,,,http://www.redfin.com/CA/San-Francisco/1029-Treat-Ave-94110/home/148061353,San Francisco MLS,421524355,N,Y,37.7536443,-122.4129901
MLS Listing,,Condo/Co-op,1818 Broadway St #201,San Francisco,CA,94109,749000,1,1.0,San Francisco,625,7740,1969,4,1198,531,Active,,,http://www.redfin.com/CA/San-Francisco/1818-Broadway-94109/unit-201/home/565141,San Francisco MLS,421523499,N,Y,37.7955152,-122.4276483
MLS Listing,,Condo/Co-op,1540 Ofarrell St #6,San Francisco,CA,94115,689000,3,2.0,San Francisco,1050,,,4,656,959,Active,,,http://www.redfin.com/CA/San-Francisco/1540-O-Farrell-St-94115/unit-6/home/12401607,San Francisco MLS,421524326,N,Y,37.784068,-122.4301069
MLS Listing,,Condo/Co-op,355 20th Ave #1,San Francisco,CA,94121,1375000,3,2.5,San Francisco,1432,3000,2005,4,960,400,Active,,,http://www.redfin.com/CA/San-Francisco/355-20th-Ave-94121/unit-1/home/11743520,San Francisco MLS,421524295,N,Y,37.7812137,-122.4797689
MLS Listing,,Vacant Land,1055 Texas St,San Francisco,CA,94107,2600000,0,,San Francisco,,4990,,4,,,Active,,,http://www.redfin.com/CA/San-Francisco/1055-Texas-St-94107/home/174587133,San Francisco MLS,421523386,N,Y,37.7529232,-122.394631
MLS Listing,,Single Family Residential,2950 Pacific Ave,San Francisco,CA,94115,29500000,8,13.0,San Francisco,20000,12209,1907,4,1475,,Active,,,http://www.redfin.com/CA/San-Francisco/2950-Pacific-Ave-94115/home/1635178,San Francisco MLS,509969,N,Y,37.7927708,-122.444291
MLS Listing,,Condo/Co-op,3938 26th St,San Francisco,CA,94131,1295000,2,1.5,San Francisco,,3227,1908,4,,339,Active,,,http://www.redfin.com/CA/San-Francisco/3938-26th-St-94131/home/170598330,San Francisco MLS,421522765,N,Y,37.7486544,-122.4280995
MLS Listing,,Condo/Co-op,2401 45th Ave #3,San Francisco,CA,94116,799000,2,1.0,San Francisco,900,2996,1943,4,888,,Active,,,http://www.redfin.com/CA/San-Francisco/2401-45th-Ave-94116/unit-3/home/173255131,San Francisco MLS,421524318,N,Y,37.7416604,-122.5037261
MLS Listing,,Single Family Residential,887 35th Ave,San Francisco,CA,94121,2749000,4,4.5,San Francisco,2847,2191,1924,4,966,,Active,,,http://www.redfin.com/CA/San-Francisco/887-35th-Ave-94121/home/1332925,San Francisco MLS,421523759,N,Y,37.77235,-122.49517
MLS Listing,,Condo/Co-op,2114 Divisadero St,San Francisco,CA,94115,1945000,2,2.0,San Francisco,1438,2035,1898,4,1353,165,Active,,,http://www.redfin.com/CA/San-Francisco/2114-Divisadero-St-94115/home/584398,San Francisco MLS,421520439,N,Y,37.7894982,-122.4405144
MLS Listing,,Single Family Residential,41 Park St,San Francisco,CA,94110,1398000,3,2.0,Bernal Heights,1562,2500,1923,4,895,,Active,,,http://www.redfin.com/CA/San-Francisco/41-Park-St-94110/home/1704594,"bridgeMLS, Bay East AOR, or Contra Costa AOR",40939653,N,Y,37.7368486,-122.4251025
MLS Listing,,Condo/Co-op,1135 Green St,San Francisco,CA,94109,2595000,3,2.0,San Francisco,1945,5316,1908,4,1334,600,Active,,,http://www.redfin.com/CA/San-Francisco/1135-Green-St-94109/home/541740,San Francisco MLS,421521854,N,Y,37.79816,-122.417848
MLS Listing,,Condo/Co-op,1355 Pacific Ave #205,San Francisco,CA,94109,1269000,2,2.0,San Francisco,1080,,2010,4,1175,497,Active,,,http://www.redfin.com/CA/San-Francisco/1355-Pacific-Ave-94109/unit-205/home/40138624,San Francisco MLS,421523374,N,Y,37.7952964,-122.4175407
MLS Listing,,Condo/Co-op,83 Mcallister St #507,San Francisco,CA,94102,685000,2,1.0,San Francisco,,7498,2007,4,,495,Active,,,http://www.redfin.com/CA/San-Francisco/83-McAllister-St-94102/unit-507/home/28938725,San Francisco MLS,421523019,N,Y,37.7806999,-122.4132699
MLS Listing,,Multi-Family (2-4 Unit),3460 - 3462 22nd St,San Francisco,CA,94110,2345000,4,,San Francisco,2260,1529,1875,5,1038,,Active,,,http://www.redfin.com/CA/San-Francisco/3460-22nd-St-94110/home/1922279,San Francisco MLS,421524061,N,Y,37.7552009,-122.4247035
MLS Listing,,Single Family Residential,199 Marina Blvd #1,SAN FRANCISCO,CA,94123,4999888,4,3.0,SAN FRANCISCO,2897,3242,1937,5,1726,,Active,,,http://www.redfin.com/CA/San-Francisco/199-Marina-Blvd-94123/unit-1/home/557775,MLSListings,ML81827195,N,Y,37.8057329,-122.4353596
MLS Listing,,Condo/Co-op,5 Central Ave,San Francisco,CA,94117,1495000,2,2.0,San Francisco,1600,3705,1907,5,934,,Active,,,http://www.redfin.com/CA/San-Francisco/5-Central-Ave-94117/home/110052395,San Francisco MLS,421523765,N,Y,37.7690869,-122.4436137
MLS Listing,,Single Family Residential,2070 Pine St,San Francisco,CA,94115,5970000,5,3.5,San Francisco,4400,2347,1900,5,1357,,Active,,,http://www.redfin.com/CA/San-Francisco/2070-Pine-St-94115/home/148080103,San Francisco MLS,421521921,N,Y,37.7886683,-122.4299988
MLS Listing,,Multi-Family (5+ Unit),3984 - 3988 Cesar Chavez St,San Francisco,CA,94131,1795000,4,4.0,San Francisco,2820,3420,1900,5,637,,Active,,,http://www.redfin.com/CA/San-Francisco/3984-Cesar-Chavez-94131/home/1614918,San Francisco MLS,421523335,N,Y,37.7478299,-122.4289228
MLS Listing,,Condo/Co-op,401 Harrison St Unit 12H,San Francisco,CA,94105,949000,1,1.0,San Francisco,759,56023,2014,5,1250,1225,Active,,,http://www.redfin.com/CA/San-Francisco/401-Harrison-St-94105/unit-12H/home/144064190,San Francisco MLS,421524062,N,Y,37.7864989,-122.3921487
MLS Listing,,Condo/Co-op,227 Guerrero St,San Francisco,CA,94103,985000,2,1.0,San Francisco,,3287,1906,5,,350,Active,,,http://www.redfin.com/CA/San-Francisco/227-Guerrero-St-94103/home/144063790,San Francisco MLS,421523764,N,Y,37.7676042,-122.4242396
MLS Listing,,Multi-Family (2-4 Unit),457 - 459 Green St,San Francisco,CA,94133,2800000,6,4.0,San Francisco,2920,1742,1906,5,959,,Active,,,http://www.redfin.com/CA/San-Francisco/457-Green-St-94133/home/1019437,San Francisco MLS,421523033,N,Y,37.7995869,-122.4066547
MLS Listing,,Condo/Co-op,333 Beale St Unit 8F,San Francisco,CA,94105,1280000,1,1.0,San Francisco,920,75406,2015,5,1391,1200,Active,,,http://www.redfin.com/CA/San-Francisco/333-Beale-St-94105/unit-8F/home/109684910,San Francisco MLS,421522643,N,Y,37.7884937,-122.3918797
MLS Listing,,Multi-Family (5+ Unit),1633 - 1639 Taraval St,San Francisco,CA,94116,3690000,11,9.0,San Francisco,7990,4996,1991,5,462,,Active,,,http://www.redfin.com/CA/San-Francisco/1633-Taraval-St-94116/home/174573447,San Francisco MLS,421524080,N,Y,37.74242,-122.4837614
MLS Listing,,Condo/Co-op,131 Missouri St #402,San Francisco,CA,94107,1995000,2,2.5,San Francisco,1575,,2017,5,1267,731,Active,,,http://www.redfin.com/CA/San-Francisco/131-Missouri-St-94107/unit-402/home/164447394,San Francisco MLS,421523991,N,Y,37.7646873,-122.3964186
MLS Listing,,Condo/Co-op,239 8th St #4,San Francisco,CA,94102,899000,1,2.0,San Francisco,1081,7429,2003,5,832,653,Active,,,http://www.redfin.com/CA/San-Francisco/239-8th-St-94103/unit-4/home/12398787,San Francisco MLS,421523990,N,Y,37.7759746,-122.4107722
MLS Listing,,Single Family Residential,44 Bonview St,SAN FRANCISCO,CA,94110,1599950,4,2.0,SAN FRANCISCO,1610,1750,1971,5,994,,Active,,,http://www.redfin.com/CA/San-Francisco/44-Bonview-St-94110/home/1912080,MLSListings,ML81831910,N,Y,37.7441326,-122.4163202
MLS Listing,,Condo/Co-op,818 Van Ness Ave #804,San Francisco,CA,94109,998000,1,1.5,San Francisco,895,,2008,5,1115,686,Active,,,http://www.redfin.com/CA/San-Francisco/818-Van-Ness-Ave-94109/unit-804/home/39591605,"bridgeMLS, Bay East AOR, or Contra Costa AOR",40939550,N,Y,37.7832423,-122.4204784
MLS Listing,,Single Family Residential,3560 Jackson St,San Francisco,CA,94118,5395000,3,4.5,San Francisco,3068,2000,1939,5,1758,,Active,,,http://www.redfin.com/CA/San-Francisco/3560-Jackson-St-94118/home/1419440,San Francisco MLS,421520906,N,Y,37.7903,-122.45345
MLS Listing,,Multi-Family (2-4 Unit),1748 La Salle Ave,San Francisco,CA,94124,1150000,,,San Francisco,,1000,,5,,,Active,,,http://www.redfin.com/CA/San-Francisco/1748-La-Salle-Ave-94124/home/174570502,"bridgeMLS, Bay East AOR, or Contra Costa AOR",40939531,N,Y,37.7382119,-122.3913352
MLS Listing,,Single Family Residential,3130 Divisadero St,San Francisco,CA,94123,2995000,3,2.0,San Francisco,2597,2870,1900,5,1153,,Active,,,http://www.redfin.com/CA/San-Francisco/3130-Divisadero-St-94123/home/2007389,San Francisco MLS,421517091,N,Y,37.7986326,-122.4422271
MLS Listing,,Condo/Co-op,2103 18th St,San Francisco,CA,94107,2995000,3,2.5,San Francisco,2570,,2008,5,1165,350,Active,,,http://www.redfin.com/CA/San-Francisco/2103-18th-St-94107/home/40457025,San Francisco MLS,421518147,N,Y,37.7620117,-122.4034669
MLS Listing,,Condo/Co-op,333 1st St #303,San Francisco,CA,94105,875000,1,,San Francisco,713,38571,2004,5,1227,854,Active,,,http://www.redfin.com/CA/San-Francisco/333-1st-St-94105/unit-303/home/12352945,San Francisco MLS,421523835,N,Y,37.7872383,-122.3940289
MLS Listing,,Condo/Co-op,355 1st St Unit S1905,San Francisco,CA,94105,899000,1,1.0,San Francisco,691,38571,2004,5,1301,839,Active,,,http://www.redfin.com/CA/San-Francisco/355-1st-St-94105/unit-S1905/home/2030056,San Francisco MLS,421523761,N,Y,37.7870311,-122.3936421
MLS Listing,,Condo/Co-op,435 China Basin St #113,San Francisco,CA,94158,975000,1,1.0,San Francisco,886,122891,2012,5,1100,816,Active,,,http://www.redfin.com/CA/San-Francisco/435-China-Basin-St-94158/unit-113/home/40629259,San Francisco MLS,421523289,N,Y,37.7715936,-122.3885893
MLS Listing,,Condo/Co-op,711 Corbett,San Francisco,CA,94131,1995000,2,2.0,San Francisco,,2578,,5,,376,Active,,,http://www.redfin.com/CA/San-Francisco/711-Corbett-Ave-94131/home/1604432,San Francisco MLS,421516169,N,Y,37.7554586,-122.4425063
MLS Listing,,Condo/Co-op,355 1st St Unit S710,San Francisco,CA,94105,798000,1,1.0,San Francisco,675,,2004,5,1182,839,Active,,,http://www.redfin.com/CA/San-Francisco/355-1st-St-94105/unit-S710/home/1902498,San Francisco MLS,512463,N,Y,37.7870311,-122.3936421
MLS Listing,,Condo/Co-op,1925 Gough St #11,San Francisco,CA,94109,2595000,3,2.0,San Francisco,1968,,1908,5,1319,1666,Active,,,http://www.redfin.com/CA/San-Francisco/1925-Gough-St-94109/unit-11/home/12400557,San Francisco MLS,511632,N,Y,37.7914425,-122.4262781
MLS Listing,,Single Family Residential,,Other,OT,00000,150000,2,1.0,,900,5000,1969,6,167,,Active,,,http://www.redfin.com/OT/Other/Undisclosed-address-Unknown/home/174566767,BNYMLS,448709,N,Y,37.7911148,-122.4021273
MLS Listing,,Condo/Co-op,401 Harrison St Unit 42D,San Francisco,CA,94105,3750000,3,3.0,San Francisco,1949,,2014,6,1924,1581,Active,,,http://www.redfin.com/CA/San-Francisco/401-Harrison-St-94105/unit-42D/home/144064329,San Francisco MLS,504667,N,Y,37.7864989,-122.3921487
MLS Listing,,Condo/Co-op,175 Bluxome St #220,San Francisco,CA,94107,810000,2,1.0,San Francisco,,,1998,6,,561,Active,,,http://www.redfin.com/CA/San-Francisco/175-Bluxome-St-94107/unit-220/home/12397934,San Francisco MLS,421523755,N,Y,37.7743789,-122.3995747
MLS Listing,,Condo/Co-op,400 Bristol Ct #504,SAN FRANCISCO,CA,94130,3150000,3,3.5,SAN FRANCISCO,1863,,2021,6,1691,1419,Active,,,http://www.redfin.com/CA/San-Francisco/400-Bristol-CT-94130/unit-504/home/174566204,MLSListings,ML81831788,N,Y,37.811521,-122.36435
MLS Listing,,Single Family Residential,305 Filbert St,San Francisco,CA,94133,3995000,2,2.5,San Francisco,1968,1263,1900,6,2030,,Active,,,http://www.redfin.com/CA/San-Francisco/305-Filbert-St-94133/home/540006,San Francisco MLS,501527,N,Y,37.8017871,-122.4049468
MLS Listing,,Condo/Co-op,281 Clara St #6,San Francisco,CA,94105,799000,1,1.5,San Francisco,992,4344,1996,6,805,729,Active,,,http://www.redfin.com/CA/San-Francisco/281-Clara-St-94107/unit-6/home/12395885,San Francisco MLS,421523627,N,Y,37.7779949,-122.4039648
MLS Listing,,Condo/Co-op,290 Meadow Dr #2,SAN FRANCISCO,CA,94130,3946000,3,2.5,SAN FRANCISCO,2510,2500,2021,7,1572,1200,Active,,,http://www.redfin.com/CA/San-Francisco/290-Meadow-DR-94130/unit-2/home/174565126,MLSListings,ML81831779,N,Y,37.81084,-122.365672
MLS Listing,,Townhouse,190 Signal Rd #3,SAN FRANCISCO,CA,94130,5134000,3,4.5,SAN FRANCISCO,3321,2000,2021,7,1546,1200,Active,,,http://www.redfin.com/CA/San-Francisco/190-Signal-Rd-94130/unit-3/home/174565045,MLSListings,ML81831776,N,Y,37.809891,-122.365807
MLS Listing,,Townhouse,310 Meadow Dr #7,SAN FRANCISCO,CA,94130,3541000,2,2.5,SAN FRANCISCO,2477,1500,2021,7,1430,1225,Active,,,http://www.redfin.com/CA/San-Francisco/310-Meadow-DR-94130/unit-7/home/174564616,MLSListings,ML81831770,N,Y,37.811427,-122.364498
MLS Listing,,Townhouse,300 Meadow Dr #4,SAN FRANCISCO,CA,94130,3147000,3,3.0,SAN FRANCISCO,2278,1500,2021,7,1381,1200,Active,,,http://www.redfin.com/CA/San-Francisco/300-Meadow-DR-94130/unit-4/home/174564447,MLSListings,ML81831767,N,Y,37.811483,-122.364513
MLS Listing,,Condo/Co-op,400 Bristol Ct #323,SAN FRANCISCO,CA,94130,1152000,1,1.0,SAN FRANCISCO,965,,2021,7,1194,1316,Active,,,http://www.redfin.com/CA/San-Francisco/400-Bristol-CT-94130/unit-323/home/174564151,MLSListings,ML81831764,N,Y,37.812792,-122.364155
MLS Listing,,Vacant Land,5059P Mission St,SAN FRANCISCO,CA,94112,1500000,,,SAN FRANCISCO,,2087,,7,,,Active,,,http://www.redfin.com/CA/San-Francisco/5059P-Mission-St-94112/home/174563325,MLSListings,ML81831743,N,Y,37.717544,-122.4398652
MLS Listing,,Condo/Co-op,1688 Pine St Unit W906,San Francisco,CA,94109,918888,1,1.0,San Francisco,689,,2016,7,1334,689,Active,,,http://www.redfin.com/CA/San-Francisco/1688-Pine-St-94109/unit-W906/home/144063574,"bridgeMLS, Bay East AOR, or Contra Costa AOR",40937964,N,Y,37.789553,-122.4232788
MLS Listing,,Multi-Family (2-4 Unit),1795 - 1797 Oakdale Ave,San Francisco,CA,94124,1788000,5,5.0,San Francisco,,2491,1900,7,,,Active,,,http://www.redfin.com/CA/San-Francisco/1795-Oakdale-Ave-94124/home/22893326,San Francisco MLS,421523682,N,Y,37.7365496,-122.3940775
MLS Listing,,Condo/Co-op,750 Van Ness Ave #1101,San Francisco,CA,94102,515000,0,1.0,San Francisco,400,15582,2008,7,1288,555,Active,,,http://www.redfin.com/CA/San-Francisco/750-Van-Ness-Ave-94102/unit-1101/home/17305154,San Francisco MLS,421523017,N,Y,37.7823788,-122.4201632
MLS Listing,,Condo/Co-op,400 Bristol Ct #102,SAN FRANCISCO,CA,94130,2058000,2,2.5,SAN FRANCISCO,1421,,2021,7,1448,1367,Active,,,http://www.redfin.com/CA/San-Francisco/400-Bristol-CT-94130/unit-102/home/174562306,MLSListings,ML81831731,N,Y,37.812518,-122.365082
MLS Listing,,Single Family Residential,849 Sanchez St,San Francisco,CA,94114,5195000,3,3.5,San Francisco,2925,2212,1938,7,1776,,Active,,,http://www.redfin.com/CA/San-Francisco/849-Sanchez-St-94114/home/1950114,San Francisco MLS,421522355,N,Y,37.7557169,-122.429802
MLS Listing,,Condo/Co-op,400 Bristol Ct #225,SAN FRANCISCO,CA,94130,818000,0,1.0,SAN FRANCISCO,749,,2021,7,1092,1291,Active,,,http://www.redfin.com/CA/San-Francisco/400-Bristol-CT-94130/unit-225/home/174561941,MLSListings,ML81831725,N,Y,37.811359,-122.364654
MLS Listing,,Condo/Co-op,1325 - 311 Indiana St #311,San Francisco,CA,94107,938000,1,2.0,San Francisco,943,18428,2002,7,995,512,Active,,,http://www.redfin.com/CA/San-Francisco/1325-Indiana-St-94107/unit-311/home/148067463,San Francisco MLS,421523690,N,Y,37.753702,-122.3903556
MLS Listing,,Single Family Residential,1883 Greenwich St,San Francisco,CA,94123,1399000,2,1.0,San Francisco,1291,1663,1900,7,1084,,Active,,,http://www.redfin.com/CA/San-Francisco/1883-Greenwich-St-94123/home/1731112,San Francisco MLS,421523691,N,Y,37.7994853,-122.4306523
MLS Listing,,Multi-Family (2-4 Unit),242 20Th Ave,San Francisco,CA,94121,1295000,5,2.0,Richmond Dist,2120,2996,1907,7,611,,Active,,,http://www.redfin.com/CA/San-Francisco/242-20th-Ave-94121/home/608193,"bridgeMLS, Bay East AOR, or Contra Costa AOR",40939410,N,Y,37.7833124,-122.479262
MLS Listing,,Condo/Co-op,101 Crescent Way #2311,San Francisco,CA,94134-3363,698000,2,2.0,Bayview,984,,2001,7,709,533,Active,,,http://www.redfin.com/CA/San-Francisco/101-Crescent-Way-94134/unit-2311/home/22898763,"bridgeMLS, Bay East AOR, or Contra Costa AOR",40939409,N,Y,37.7109188,-122.3892491
MLS Listing,,Multi-Family (5+ Unit),425 Shrader St,San Francisco,CA,94117,5350000,2,,San Francisco,9827,3746,1900,8,544,,Active,,,http://www.redfin.com/CA/San-Francisco/425-Shrader-St-94117/home/1959348,San Francisco MLS,421523625,N,Y,37.7705553,-122.4523119
MLS Listing,,Condo/Co-op,1376 Natoma St,San Francisco,CA,94103,849000,2,1.0,San Francisco,838,2008,1906,8,1013,350,Active,,,http://www.redfin.com/CA/San-Francisco/1376-Natoma-St-94103/home/895861,San Francisco MLS,421523651,N,Y,37.7671841,-122.4186428
MLS Listing,,Condo/Co-op,845 Montgomery St Ph 2,San Francisco,CA,94133,2995000,3,2.0,San Francisco,1800,,1911,8,1664,1066,Active,,,http://www.redfin.com/CA/San-Francisco/845-Montgomery-St-94133/unit-2/home/23455099,San Francisco MLS,421523616,N,Y,37.7969138,-122.4039005
MLS Listing,,Multi-Family (2-4 Unit),2332 Taraval St,San Francisco,CA,94116,2750000,11,6.0,San Francisco,8743,3750,1992,8,315,,Active,,,http://www.redfin.com/CA/San-Francisco/2332-Taraval-St-94116/unit-1/home/144080722,San Francisco MLS,421523601,N,Y,37.7425641,-122.491235
MLS Listing,,Condo/Co-op,2627 Clay St,San Francisco,CA,94115,2350000,3,2.0,San Francisco,1925,2495,1905,8,1221,500,Active,,,http://www.redfin.com/CA/San-Francisco/2627-Clay-St-94115/home/930871,San Francisco MLS,421523481,N,Y,37.7902119,-122.436285
MLS Listing,,Condo/Co-op,2436 Great Hwy #3,San Francisco,CA,94116,998000,2,2.0,San Francisco,1059,7469,2002,8,942,642,Active,,,http://www.redfin.com/CA/San-Francisco/2436-Great-Hwy-94116/unit-3/home/1537609,San Francisco MLS,421521893,N,Y,37.7411039,-122.5063479
MLS Listing,,Condo/Co-op,77 Dow Pl #304,San Francisco,CA,94107,899000,1,1.5,San Francisco,,18962,2002,8,,847,Active,,,http://www.redfin.com/CA/San-Francisco/77-Dow-Pl-94107/unit-304/home/1417360,San Francisco MLS,421523538,N,Y,37.7841561,-122.3966189
MLS Listing,,Condo/Co-op,1333 Clement St,San Francisco,CA,94118,1625000,3,2.5,San Francisco,1894,2500,1925,8,858,100,Active,,,http://www.redfin.com/CA/San-Francisco/1333-Clement-St-94118/home/17306286,San Francisco MLS,421521387,N,Y,37.782279,-122.473572
MLS Listing,,Condo/Co-op,301 Main St Unit 20B,San Francisco,CA,94105,1895000,2,2.0,San Francisco,1317,76210,2008,8,1439,1022,Active,,,http://www.redfin.com/CA/San-Francisco/301-Main-St-94105/unit-20B/home/17305767,San Francisco MLS,421523536,N,Y,37.7895974,-122.3911965
MLS Listing,,Condo/Co-op,1695 18th St #205,San Francisco,CA,94107,895000,1,1.0,San Francisco,1161,,1996,8,771,538,Active,,,http://www.redfin.com/CA/San-Francisco/1695-18th-St-94107/unit-205/home/2004957,San Francisco MLS,421523535,N,Y,37.7620315,-122.3991526
MLS Listing,,Condo/Co-op,1177 California St #701,San Francisco,CA,94108,1100000,1,1.0,San Francisco,884,,1978,8,1244,1350,Active,,,http://www.redfin.com/CA/San-Francisco/1177-California-St-94108/unit-701/home/1098353,San Francisco MLS,512393,N,Y,37.7910262,-122.4136476
MLS Listing,,Condo/Co-op,318 Main St Unit 5K,San Francisco,CA,94105,1495000,2,,San Francisco,1520,75406,2015,8,984,1276,Active,,,http://www.redfin.com/CA/San-Francisco/318-Main-St-94105/unit-5K/home/109311804,San Francisco MLS,421522149,N,Y,37.789054,-122.3917187
MLS Listing,,Multi-Family (5+ Unit),225 Fell St,San Francisco,CA,94102,8995000,0,,San Francisco,11600,3598,1915,8,775,,Active,,,http://www.redfin.com/CA/San-Francisco/225-Fell-St-94102/home/2018271,San Francisco MLS,421523469,N,Y,37.7758934,-122.4215512
MLS Listing,,Multi-Family (5+ Unit),243 Oak St,San Francisco,CA,94102,5575000,4,,San Francisco,12600,3680,1911,8,442,,Active,,,http://www.redfin.com/CA/San-Francisco/243-Oak-St-94102/home/1181114,San Francisco MLS,421523454,N,Y,37.7746641,-122.4233214
MLS Listing,,Single Family Residential,226 Sadowa St,San Francisco,CA,94112,924500,3,2.0,San Francisco,900,3123,1951,8,1027,,Active,,,http://www.redfin.com/CA/San-Francisco/226-Sadowa-St-94112/home/928330,"bridgeMLS, Bay East AOR, or Contra Costa AOR",40939297,N,Y,37.712476,-122.4600593
MLS Listing,,Condo/Co-op,199 New Montgomery St #1007,San Francisco,CA,94105,875000,1,1.0,San Francisco,836,12848,2004,8,1047,682,Active,,,http://www.redfin.com/CA/San-Francisco/199-New-Montgomery-St-94105/unit-1007/home/12401425,San Francisco MLS,421523423,N,Y,37.7866055,-122.3990994
MLS Listing,,Multi-Family (5+ Unit),706 Oak St,San Francisco,CA,94117,4595000,1,,San Francisco,11000,4000,1910,8,418,,Active,,,http://www.redfin.com/CA/San-Francisco/706-Oak-St-94117/home/1723842,San Francisco MLS,421523449,N,Y,37.7741614,-122.4311754
MLS Listing,,Condo/Co-op,975 York St,San Francisco,CA,94110,899000,2,1.0,San Francisco,1190,2493,1900,8,755,396,Active,,,http://www.redfin.com/CA/San-Francisco/975-York-St-94110/home/169574205,San Francisco MLS,421520527,N,Y,37.7565868,-122.4083003
MLS Listing,,Multi-Family (5+ Unit),1201 Laguna St,San Francisco,CA,94115,14150000,1,,San Francisco,21000,4451,1929,8,674,,Active,,,http://www.redfin.com/CA/San-Francisco/1201-Laguna-St-94115/home/1846535,San Francisco MLS,421523320,N,Y,37.7822405,-122.4276446
MLS Listing,,Condo/Co-op,5640 Fulton St,San Francisco,CA,94121,989000,2,1.0,San Francisco,951,1114,1936,8,1040,200,Active,,,http://www.redfin.com/CA/San-Francisco/5640-Fulton-St-94121/home/11282390,San Francisco MLS,421522917,N,Y,37.7723451,-122.4924005
MLS Listing,,Condo/Co-op,301 Main St Unit 5D,San Francisco,CA,94105,1200000,2,2.0,San Francisco,1180,76210,2008,8,1017,992,Active,,,http://www.redfin.com/CA/San-Francisco/301-Main-St-94105/unit-5D/home/21966889,San Francisco MLS,421522373,N,Y,37.7895974,-122.3911965
MLS Listing,,Condo/Co-op,355 1st St Unit S1001,San Francisco,CA,94105,819000,1,1.0,San Francisco,,,2004,8,,839,Active,,,http://www.redfin.com/CA/San-Francisco/355-1st-St-94105/unit-S1001/home/1616449,San Francisco MLS,512415,N,Y,37.7870311,-122.3936421
MLS Listing,,Multi-Family (5+ Unit),1040 Ashbury St,San Francisco,CA,94117,4850000,4,,San Francisco,9438,7849,1962,8,514,,Active,,,http://www.redfin.com/CA/San-Francisco/1040-Ashbury-St-94117/home/1884246,San Francisco MLS,421523413,N,Y,37.7635833,-122.4462911
MLS Listing,,Condo/Co-op,318 Main St Unit 7J,San Francisco,CA,94105,1225000,1,1.5,San Francisco,882,75406,2015,8,1389,1158,Active,,,http://www.redfin.com/CA/San-Francisco/318-Main-St-94105/unit-7J/home/109315398,San Francisco MLS,421523018,N,Y,37.789054,-122.3917187
MLS Listing,,Single Family Residential,294 31st Ave,San Francisco,CA,94121,2995000,3,3.5,San Francisco,2969,3358,1924,8,1009,,Active,,,http://www.redfin.com/CA/San-Francisco/294-31st-Ave-94121/home/2021144,San Francisco MLS,421517965,N,Y,37.7837512,-122.4912023
MLS Listing,,Condo/Co-op,149 - 149 1/2 Prentiss St Unit 149.5,San Francisco,CA,94110,798000,2,1.5,San Francisco,,1750,1900,8,,145,Active,,,http://www.redfin.com/CA/San-Francisco/149-Prentiss-St-94110/unit-1495/home/174555788,San Francisco MLS,421522987,N,Y,37.7407631,-122.411825
MLS Listing,,Single Family Residential,2638 39th Ave,San Francisco,CA,94116,1599000,5,4.0,San Francisco,1767,2996,1948,8,905,,Active,,,http://www.redfin.com/CA/San-Francisco/2638-39th-Ave-94116/home/1894960,San Francisco MLS,421523387,N,Y,37.7376418,-122.4965652
MLS Listing,,Single Family Residential,615 Alvarado St,San Francisco,CA,94114,3000000,3,3.0,San Francisco,,,,8,,,Active,,,http://www.redfin.com/CA/San-Francisco/615-Alvarado-St-94114/home/1316471,San Francisco MLS,509787,N,Y,37.7534843,-122.4347691
MLS Listing,,Condo/Co-op,2032 Baker St,San Francisco,CA,94115,2295000,2,2.0,San Francisco,1871,2676,1903,8,1227,350,Active,,,http://www.redfin.com/CA/San-Francisco/2032-Baker-St-94115/home/1419360,San Francisco MLS,421523103,N,Y,37.7899792,-122.4438707
MLS Listing,,Single Family Residential,326 Brunswick St,San Francisco,CA,94112,1299000,4,3.0,San Francisco,1536,,1942,8,846,,Active,,,http://www.redfin.com/CA/San-Francisco/326-Brunswick-St-94112/home/1599086,San Francisco MLS,421520088,N,Y,37.7112595,-122.4416479
MLS Listing,,Single Family Residential,72 Mill St,SAN FRANCISCO,CA,94134,1275000,4,3.0,SAN FRANCISCO,2150,2500,1982,8,593,,Active,,,http://www.redfin.com/CA/San-Francisco/72-Mill-St-94134/home/1065470,MLSListings,ML81828934,N,Y,37.7186882,-122.4062095
MLS Listing,,Condo/Co-op,1160 Mission St #1703,San Francisco,CA,94103,749000,1,1.0,San Francisco,756,43557,2008,8,991,790,Active,,,http://www.redfin.com/CA/San-Francisco/1160-Mission-St-94103/unit-1703/home/17305063,San Francisco MLS,421522584,N,Y,37.7787037,-122.4126341
MLS Listing,,Condo/Co-op,3323 23rd St,San Francisco,CA,94110,1745000,3,2.5,San Francisco,1955,2575,1890,8,893,300,Active,,,http://www.redfin.com/CA/San-Francisco/3323-23rd-St-94110/home/171367457,San Francisco MLS,421522551,N,Y,37.7537225,-122.4191413
MLS Listing,,Condo/Co-op,3228 Divisadero St,San Francisco,CA,94123,3475000,4,2.5,San Francisco,2043,2043,2020,8,1701,862,Active,,,http://www.redfin.com/CA/San-Francisco/3228-Divisadero-St-94123/home/174553241,San Francisco MLS,421522196,N,Y,37.7995659,-122.4425597
MLS Listing,,Condo/Co-op,1 Bluxome St #304,San Francisco,CA,94107,1688000,2,2.0,San Francisco,1844,22427,2003,8,915,623,Active,,,http://www.redfin.com/CA/San-Francisco/1-Bluxome-St-94107/unit-304/home/2063448,San Francisco MLS,421518175,N,Y,37.7772326,-122.395578
MLS Listing,,Condo/Co-op,67 - 69 Mizpah St #69,San Francisco,CA,94131,1100000,3,1.0,San Francisco,1150,2960,1910,8,957,,Active,,,http://www.redfin.com/CA/San-Francisco/67-Mizpah-St-94131/unit-69/home/174549667,San Francisco MLS,421521781,N,Y,37.7362671,-122.4386041
MLS Listing,,Condo/Co-op,1190 Sacramento #8,San Francisco,CA,94108,1850000,2,2.0,San Francisco,,,1955,8,,1500,Active,,,http://www.redfin.com/CA/San-Francisco/1190-Sacramento-St-94108/unit-8/home/12400144,San Francisco MLS,421522165,N,Y,37.7926793,-122.4124541
MLS Listing,,Condo/Co-op,1188 Dolores St,San Francisco,CA,94110,2195000,3,2.0,San Francisco,1670,2867,1909,8,1314,200,Active,,,http://www.redfin.com/CA/San-Francisco/1188-Dolores-St-94110/home/1966634,San Francisco MLS,421519424,N,Y,37.7504037,-122.4254201
MLS Listing,,Single Family Residential,10 Linares Ave,San Francisco,CA,94116,2998000,4,3.5,San Francisco,3363,3998,1924,9,891,61,Active,,,http://www.redfin.com/CA/San-Francisco/10-Linares-Ave-94116/home/1509024,San Francisco MLS,421522907,N,Y,37.7523343,-122.4639954
MLS Listing,,Condo/Co-op,3461 17th St Unit A,San Francisco,CA,94110,799000,2,1.0,San Francisco,757,,1906,9,1055,410,Active,,,http://www.redfin.com/CA/San-Francisco/3461-17th-St-94110/unit-A/home/39968077,San Francisco MLS,421523016,N,Y,37.762996,-122.423178
MLS Listing,,Condo/Co-op,45 Cleary #1,San Francisco,CA,94109,999000,3,2.0,San Francisco,1418,,1963,9,705,1092,Active,,,http://www.redfin.com/CA/San-Francisco/45-Cleary-Ct-94109/unit-1/home/12401275,San Francisco MLS,421522951,N,Y,37.783611,-122.4267148
MLS Listing,,Condo/Co-op,19 Perine Pl,San Francisco,CA,94115,775000,2,1.0,San Francisco,1125,1460,1908,9,689,,Active,,,http://www.redfin.com/CA/San-Francisco/19-Perine-Pl-94115/home/1251769,San Francisco MLS,421517964,N,Y,37.7890076,-122.4359719
MLS Listing,,Condo/Co-op,21 Perine Pl,San Francisco,CA,94115,925000,3,2.0,San Francisco,1635,1460,1908,9,566,,Active,,,http://www.redfin.com/CA/San-Francisco/21-Perine-Pl-94115/home/174543961,San Francisco MLS,421517970,N,Y,37.7890165,-122.4359967
MLS Listing,,Condo/Co-op,457 Cambridge St,SAN FRANCISCO,CA,94134,1440900,3,2.5,SAN FRANCISCO,1622,,2021,9,888,256,Active,,,http://www.redfin.com/CA/San-Francisco/457-Cambridge-St-94134/home/174543093,MLSListings,ML81831469,N,Y,37.7257814,-122.4179917
MLS Listing,,Condo/Co-op,301 Yale St,SAN FRANCISCO,CA,94134,1499900,3,3.5,SAN FRANCISCO,1764,,2021,9,850,256,Active,,,http://www.redfin.com/CA/San-Francisco/301-Yale-St-94134/home/174543011,MLSListings,ML81831468,N,Y,37.7260394,-122.4170011
MLS Listing,,Single Family Residential,51 Lurline St,San Francisco,CA,94122,1395000,3,2.0,San Francisco,1509,2722,1955,9,924,,Active,,,http://www.redfin.com/CA/San-Francisco/51-Lurline-St-94122/home/1595984,San Francisco MLS,421523130,N,Y,37.7593548,-122.4712925
MLS Listing,,Condo/Co-op,2999 California St #604,San Francisco,CA,94115,725000,1,1.0,Pacific Heights,653,653,1929,9,1110,623,Active,,,http://www.redfin.com/CA/San-Francisco/2999-California-St-94115/unit-604/home/1920610,"bridgeMLS, Bay East AOR, or Contra Costa AOR",40939176,N,Y,37.7874451,-122.443491
MLS Listing,,Single Family Residential,231 12th Ave,San Francisco,CA,94118,3295000,5,3.5,San Francisco,2778,3000,1909,9,1186,,Active,,,http://www.redfin.com/CA/San-Francisco/231-12th-Ave-94118/home/1877713,San Francisco MLS,509774,N,Y,37.7839735,-122.471193
MLS Listing,,Condo/Co-op,101 Lombard Unit 416E,San Francisco,CA,94111,1200000,1,1.0,San Francisco,1030,,1983,9,1165,1069,Active,,,http://www.redfin.com/CA/San-Francisco/101-Lombard-St-94111/unit-416E/home/968766,San Francisco MLS,421522138,N,Y,37.8037119,-122.4045338
MLS Listing,,Condo/Co-op,2979 23rd St,San Francisco,CA,94110,999000,2,1.0,San Francisco,,1330,,9,,241,Active,,,http://www.redfin.com/CA/San-Francisco/2979-23rd-St-94110/home/148066977,San Francisco MLS,515250,N,Y,37.7540926,-122.4119165
MLS Listing,,Single Family Residential,123 Bernard St,San Francisco,CA,94109,1777888,3,2.0,San Francisco,2100,1380,1951,9,,,Active,,,http://www.redfin.com/CA/San-Francisco/123-Bernard-St-94109/home/1803590,MetroList,421522894,N,Y,37.796159484,-122.4155521
MLS Listing,,Condo/Co-op,2671 22nd St,San Francisco,CA,94110,1099000,2,1.0,San Francisco,,2458,1900,9,,75,Active,,,http://www.redfin.com/CA/San-Francisco/2671-22nd-St-94110/home/22045802,San Francisco MLS,421516529,N,Y,37.75586,-122.407983
MLS Listing,,Single Family Residential,479 Los Palmos Dr,SAN FRANCISCO,CA,94127,2598000,4,3.5,SAN FRANCISCO,2465,2448,1947,9,1054,,Active,,,http://www.redfin.com/CA/San-Francisco/479-Los-Palmos-Dr-94127/home/885530,MLSListings,ML81831418,N,Y,37.7343281,-122.4523947
MLS Listing,,Condo/Co-op,11 Franklin St #802,San Francisco,CA,94102,1290000,2,2.0,San Francisco,979,6605,2016,9,1318,612,Active,,,http://www.redfin.com/CA/San-Francisco/11-Franklin-St-94102/unit-802/home/144064055,San Francisco MLS,421522313,N,Y,37.7744289,-122.4211101
MLS Listing,,Condo/Co-op,725 Fell St #5,San Francisco,CA,94117,918888,2,2.0,San Francisco,899,4083,1990,9,1022,433,Active,,,http://www.redfin.com/CA/San-Francisco/725-Fell-St-94117/unit-5/home/1136125,San Francisco MLS,421522396,N,Y,37.7747683,-122.429821
MLS Listing,,Condo/Co-op,555 Golden Gate Ave Unit 2A,San Francisco,CA,94102,799000,1,1.0,San Francisco,753,,2020,9,1061,597,Active,,,http://www.redfin.com/CA/San-Francisco/555-Golden-Gate-Ave-94102/unit-2A/home/174533662,San Francisco MLS,421523004,N,Y,37.7808655,-122.4196054
MLS Listing,,Condo/Co-op,1440 Leavenworth St,San Francisco,CA,94109,1485000,3,2.0,San Francisco,1491,2250,1908,9,996,199,Active,,,http://www.redfin.com/CA/San-Francisco/1440-Leavenworth-St-94109/home/28938839,San Francisco MLS,421522284,N,Y,37.7944129,-122.4161776
MLS Listing,,Vacant Land,1645 Jones St,San Francisco,CA,94109,1149000,0,,San Francisco,,1370,,9,,,Active,,,http://www.redfin.com/CA/San-Francisco/1645-Jones-St-94109/unit-V/home/110053444,San Francisco MLS,421522941,N,Y,37.796544,-122.4152919
MLS Listing,,Condo/Co-op,5150 Diamond Heights Blvd Unit 307B,SAN FRANCISCO,CA,94131,639000,1,1.0,SAN FRANCISCO,744,,1972,9,859,597,Active,,,http://www.redfin.com/CA/San-Francisco/5150-Diamond-Heights-Blvd-94131/unit-307B/home/1592870,MLSListings,ML81831374,N,Y,37.746453,-122.440463
MLS Listing,,Condo/Co-op,207 King St #709,San Francisco,CA,94107,1188000,1,1.5,San Francisco,1136,21096,2003,9,1046,695,Active,,,http://www.redfin.com/CA/San-Francisco/207-King-St-94107/unit-709/home/22853180,San Francisco MLS,421522035,N,Y,37.7776147,-122.3919074
MLS Listing,,Single Family Residential,366 Niagara Ave,SAN FRANCISCO,CA,94112,1099888,4,3.0,SAN FRANCISCO,1293,1750,1943,9,851,,Active,,,http://www.redfin.com/CA/San-Francisco/366-Niagara-Ave-94112/home/1372355,MLSListings,ML81831142,N,Y,37.7193874,-122.4468504
MLS Listing,,Condo/Co-op,369 18th Ave #101,San Francisco,CA,94121,995000,2,1.0,San Francisco,1248,21747,2018,9,797,640,Active,,,http://www.redfin.com/CA/San-Francisco/369-18th-Ave-94121/unit-101/home/169567810,San Francisco MLS,421522680,N,Y,37.7808413,-122.4774107
MLS Listing,,Condo/Co-op,3555 Jackson St #3,San Francisco,CA,94118,2850000,3,2.0,San Francisco,,5143,1913,9,,807,Active,,,http://www.redfin.com/CA/San-Francisco/3555-Jackson-St-94118/unit-3/home/1602599,San Francisco MLS,421518447,N,Y,37.7898163,-122.4532519
MLS Listing,,Condo/Co-op,148 Ames St,San Francisco,CA,94110,1695000,3,2.0,San Francisco,1480,3766,1898,9,1145,185,Active,,,http://www.redfin.com/CA/San-Francisco/148-Ames-Aly-94110/home/69371545,San Francisco MLS,421522166,N,Y,37.7543455,-122.4237975
MLS Listing,,Single Family Residential,665 Victoria St,San Francisco,CA,94127,1695000,4,2.0,San Francisco,2250,5163,1926,9,753,,Active,,,http://www.redfin.com/CA/San-Francisco/665-Victoria-St-94127/home/2037858,San Francisco MLS,421522679,N,Y,37.7225835,-122.4654549
MLS Listing,,Single Family Residential,1965 23rd Ave,San Francisco,CA,94116,1095000,2,1.0,San Francisco,1350,2996,1941,9,811,,Active,,,http://www.redfin.com/CA/San-Francisco/1965-23rd-Ave-94116/home/1840058,San Francisco MLS,421522280,N,Y,37.75096,-122.480811
MLS Listing,,Multi-Family (5+ Unit),1200 Jackson St,San Francisco,CA,94109,6995000,0,,San Francisco,12693,4611,1908,9,551,,Active,,,http://www.redfin.com/CA/San-Francisco/1200-Jackson-St-94109/home/1845530,San Francisco MLS,421522906,N,Y,37.795085,-122.4151203
MLS Listing,,Single Family Residential,392 Bayview Cir,San Francisco,CA,94124,599000,2,2.0,San Francisco,1301,1831,1986,9,460,426,Active,,,http://www.redfin.com/CA/San-Francisco/392-Bayview-Cir-94124/home/1025568,San Francisco MLS,421520337,N,Y,37.7332549,-122.3968391
MLS Listing,,Condo/Co-op,2614 Buchanan St #3,San Francisco,CA,94115,1050000,1,1.0,San Francisco,806,3869,1900,9,1303,347,Active,,,http://www.redfin.com/CA/San-Francisco/2614-Buchanan-St-94115/unit-3/home/1151748,San Francisco MLS,421522858,N,Y,37.7943108,-122.4312335
MLS Listing,,Multi-Family (2-4 Unit),4537 California St,San Francisco,CA,94118,1988000,7,3.0,San Francisco,4116,2500,1909,9,483,,Active,,,http://www.redfin.com/CA/San-Francisco/4537-California-St-94118/home/980971,San Francisco MLS,421522472,N,Y,37.7844865,-122.4661445
MLS Listing,,Condo/Co-op,280 Spear St Unit 7D,San Francisco,CA,94105,1845000,2,2.0,San Francisco,1313,1,,9,1405,1254,Active,,,http://www.redfin.com/CA/San-Francisco/280-Spear-St-94105/unit-7D/home/170938757,San Francisco MLS,421522878,N,Y,37.7903739,-122.3913812
MLS Listing,,Condo/Co-op,280 Spear St Unit 28B,San Francisco,CA,94105,1175000,1,1.0,San Francisco,789,1,2021,9,1489,1118,Active,,,http://www.redfin.com/CA/San-Francisco/280-Spear-St-94105/unit-28B/home/166898254,San Francisco MLS,421522874,N,Y,37.7903739,-122.3913812
MLS Listing,,Condo/Co-op,1 Hoffman Ave Unit A,San Francisco,CA,94114,975000,2,2.0,San Francisco,1500,,1911,9,650,150,Active,,,http://www.redfin.com/CA/San-Francisco/1-Hoffman-Ave-94114/unit-A/home/1854779,San Francisco MLS,421522777,N,Y,37.75399,-122.440668
MLS Listing,,Condo/Co-op,1177 California #1422,San Francisco,CA,94108,655000,1,1.0,San Francisco,538,,1978,9,1217,1019,Active,,,http://www.redfin.com/CA/San-Francisco/1177-California-St-94108/unit-1422/home/1135080,San Francisco MLS,421522525,N,Y,37.7910262,-122.4136476
MLS Listing,,Condo/Co-op,850 Powell St #101,San Francisco,CA,94108,999000,2,1.0,San Francisco,1063,,,9,940,1084,Active,,,http://www.redfin.com/CA/San-Francisco/850-Powell-St-94108/unit-101/home/550342,San Francisco MLS,421522151,N,Y,37.7928577,-122.40894
MLS Listing,,Condo/Co-op,199 New Montgomery St #410,San Francisco,CA,94105,1095000,2,2.0,San Francisco,1162,12848,2004,9,942,691,Active,,,http://www.redfin.com/CA/San-Francisco/199-New-Montgomery-St-94105/unit-410/home/12401770,San Francisco MLS,421522271,N,Y,37.7866055,-122.3990994
MLS Listing,,Condo/Co-op,721 Kirkham St,San Francisco,CA,94122,1898000,3,3.5,San Francisco,1733,2499,2016,9,1095,300,Active,,,http://www.redfin.com/CA/San-Francisco/721-Kirkham-St-94122/home/144063738,San Francisco MLS,421520946,N,Y,37.7600861,-122.4686951
MLS Listing,,Single Family Residential,152 Dorado Ter,San Francisco,CA,94112,1695000,4,3.0,San Francisco,2670,1875,1981,9,635,,Active,,,http://www.redfin.com/CA/San-Francisco/152-Dorado-Ter-94112/home/1112808,San Francisco MLS,421521801,N,Y,37.7269716,-122.4615741
MLS Listing,,Condo/Co-op,330 Mission Bay Blvd N #201,SAN FRANCISCO,CA,94158,1280000,2,2.0,SAN FRANCISCO,1083,,2008,9,1182,935,Active,,,http://www.redfin.com/CA/San-Francisco/330-Mission-Bay-Blvd-N-94158/unit-201/home/23424490,MLSListings,ML81831330,N,Y,37.7713677,-122.3873301
MLS Listing,,Single Family Residential,21 Pueblo St,SAN FRANCISCO,CA,94134,888888,2,1.0,SAN FRANCISCO,1063,2631,1953,9,836,,Active,,,http://www.redfin.com/CA/San-Francisco/21-Pueblo-St-94134/home/1704292,MLSListings,ML81831322,N,Y,37.7088191,-122.4168069
MLS Listing,,Condo/Co-op,77 Van Ness Ave #804,San Francisco,CA,94102,945000,1,1.0,San Francisco,852,13040,2009,10,1109,566,Active,,,http://www.redfin.com/CA/San-Francisco/77-Van-Ness-Ave-94102/unit-804/home/40138513,San Francisco MLS,421518926,N,Y,37.7760628,-122.4198501
MLS Listing,,Condo/Co-op,401 Harrison St Unit 34F,San Francisco,CA,94105,1430000,1,1.0,San Francisco,830,,2014,10,1723,1274,Active,,,http://www.redfin.com/CA/San-Francisco/401-Harrison-St-94105/unit-34F/home/105435889,San Francisco MLS,421522797,N,Y,37.7864989,-122.3921487
MLS Listing,,Condo/Co-op,3620 Cesar Chavez St #504,San Francisco,CA,94110,1275000,2,2.0,San Francisco,1038,,2020,10,1228,600,Active,,,http://www.redfin.com/CA/San-Francisco/3620-Cesar-Chavez-94110/unit-504/home/174511583,San Francisco MLS,421522782,N,Y,37.7483761,-122.4219282
MLS Listing,,Condo/Co-op,690 Chestnut St #404,San Francisco,CA,94133,1195000,2,2.0,San Francisco,1050,15089,1997,10,1138,732,Active,,,http://www.redfin.com/CA/San-Francisco/690-Chestnut-St-94133/unit-404/home/1665626,San Francisco MLS,421522717,N,Y,37.8038387,-122.414563
MLS Listing,,Multi-Family (5+ Unit),1500 Powell St,San Francisco,CA,94133,3490000,0,,San Francisco,8660,3120,1907,10,403,,Active,,,http://www.redfin.com/CA/San-Francisco/1500-Powell-St-94133/home/105497714,San Francisco MLS,421522747,N,Y,37.798584,-122.410295
MLS Listing,,Condo/Co-op,118 Coral Ct #28,SAN FRANCISCO,CA,94124,699000,4,3.0,SAN FRANCISCO,1512,,1981,10,462,428,Active,,,http://www.redfin.com/CA/San-Francisco/118-Coral-Ct-94124/unit-28/home/1140312,MLSListings,ML81828923,N,Y,37.7280803,-122.3717199
MLS Listing,,Single Family Residential,1563 31st Ave,San Francisco,CA,94122,1195000,4,2.0,San Francisco,1826,3000,1930,10,654,,Active,,,http://www.redfin.com/CA/San-Francisco/1563-31st-Ave-94122/home/1324916,San Francisco MLS,421522657,N,Y,37.7580836,-122.4899086
MLS Listing,,Condo/Co-op,2448 Lombard St #213,San Francisco,CA,94123,950000,1,1.0,San Francisco,556,,2020,10,1709,567,Active,,,http://www.redfin.com/CA/San-Francisco/2448-Lombard-St-94123/unit-213/home/171558847,San Francisco MLS,421520525,N,Y,37.7993307,-122.4420593
MLS Listing,,Condo/Co-op,1000 3Rd St #1106,San Francisco,CA,94158,1299900,2,2.0,San Francisco,1267,,2018,10,1026,945,Active,,,http://www.redfin.com/CA/San-Francisco/1000-3rd-St-94158/unit-1106/home/146381315,"bridgeMLS, Bay East AOR, or Contra Costa AOR",40938906,N,Y,37.7752125,-122.3902276
MLS Listing,,Condo/Co-op,2139 Green St,San Francisco,CA,94123,2249000,2,2.5,San Francisco,,,,10,,831,Active,,,http://www.redfin.com/CA/San-Francisco/2139-Green-St-94123/home/1650461,San Francisco MLS,421522291,N,Y,37.7960983,-122.4342078
MLS Listing,,Condo/Co-op,601 Van Ness Ave #123,San Francisco,CA,94102,430500,1,1.0,San Francisco,550,105806,1982,10,783,850,Active,,,http://www.redfin.com/CA/San-Francisco/601-Van-Ness-Ave-94102/unit-123/home/1708438,San Francisco MLS,421522449,N,Y,37.7813857,-122.4214063
MLS Listing,,Condo/Co-op,355 1st St Unit S1808,San Francisco,CA,94105,899000,1,1.0,San Francisco,683,38571,2004,10,1316,839,Active,,,http://www.redfin.com/CA/San-Francisco/355-1st-St-94105/unit-S1808/home/1730161,San Francisco MLS,421521292,N,Y,37.7870311,-122.3936421
MLS Listing,,Multi-Family (5+ Unit),675 Fell St,San Francisco,CA,94102,3750000,4,2.0,San Francisco,4094,3297,1963,10,916,,Active,,,http://www.redfin.com/CA/San-Francisco/675-Fell-St-94102/home/1731698,San Francisco MLS,421521960,N,Y,37.774914,-122.428868
MLS Listing,,Single Family Residential,2235 Octavia St,San Francisco,CA,94109,6750000,6,6.5,San Francisco,4325,4369,1924,11,,,Active,,,http://www.redfin.com/CA/San-Francisco/2235-Octavia-St-94109/home/1738995,MetroList,421522394,N,Y,37.7928912,-122.4281759
MLS Listing,,Condo/Co-op,851 S Van Ness Ave #306,SAN FRANCISCO,CA,94110,950000,2,2.0,SAN FRANCISCO,909,,2002,11,1045,677,Active,,,http://www.redfin.com/CA/San-Francisco/851-S-Van-Ness-Ave-94110/unit-306/home/919816,MLSListings,ML81829010,N,Y,37.78352,-122.421356
MLS Listing,,Other,3212 Folsom,SAN FRANCISCO,CA,94110,2695000,5,3.0,SAN FRANCISCO,3257,1875,1910,11,827,,Active,,,http://www.redfin.com/CA/San-Francisco/3212-Folsom-St-94110/home/28890696,MLSListings,ML81831065,N,Y,37.7469271,-122.4137589
MLS Listing,,Multi-Family (2-4 Unit),1439 - 1441 South Van Ness Ave,San Francisco,CA,94110,1725000,5,3.0,San Francisco,2650,2874,1925,11,651,,Active,,,http://www.redfin.com/CA/San-Francisco/1439-S-Van-Ness-Ave-94110/home/1535162,San Francisco MLS,421522323,N,Y,37.750121,-122.415746
MLS Listing,,Condo/Co-op,165 Summit Way,San Francisco,CA,94132,1368000,3,2.5,San Francisco,2133,1387,2015,11,641,314,Active,,,http://www.redfin.com/CA/San-Francisco/165-Summit-Way-94132/home/109315255,San Francisco MLS,421522188,N,Y,37.7152554,-122.4762282
MLS Listing,,Condo/Co-op,1925 Pacific Ave #1,San Francisco,CA,94109,1998000,3,2.0,San Francisco,,4992,1918,11,,1008,Active,,,http://www.redfin.com/CA/San-Francisco/1925-Pacific-Ave-94109/unit-1/home/568036,San Francisco MLS,508319,N,Y,37.7941053,-122.4269701
MLS Listing,,Condo/Co-op,601 Van Ness Ave #309,San Francisco,CA,94102,668888,1,,San Francisco,694,105806,1982,11,964,940,Active,,,http://www.redfin.com/CA/San-Francisco/601-Van-Ness-Ave-94102/unit-309/home/1610493,San Francisco MLS,421522024,N,Y,37.7813857,-122.4214063
MLS Listing,,Condo/Co-op,55 Page St #222,San Francisco,CA,94121,1275000,2,2.0,San Francisco,1124,,2008,11,1134,775,Active,,,http://www.redfin.com/CA/San-Francisco/55-Page-St-94102/unit-222/home/17305670,San Francisco MLS,421519454,N,Y,37.7738899,-122.4218771
MLS Listing,,Condo/Co-op,461 2nd St Unit C135,San Francisco,CA,94107,1225000,1,1.0,San Francisco,1317,,,11,930,726,Active,,,http://www.redfin.com/CA/San-Francisco/461-2nd-St-94107/unit-C135/home/1868305,San Francisco MLS,421522247,N,Y,37.7834473,-122.3936481
MLS Listing,,Condo/Co-op,3294 Clay St #5,San Francisco,CA,94115,1799000,2,2.0,San Francisco,1499,2986,1911,11,1200,560,Active,,,http://www.redfin.com/CA/San-Francisco/3294-Clay-St-94115/unit-5/home/1070326,San Francisco MLS,421520208,N,Y,37.7892419,-122.4468872
MLS Listing,,Single Family Residential,2554 33rd Ave,San Francisco,CA,94116,1350000,2,2.0,San Francisco,1708,2996,1931,11,790,,Active,,,http://www.redfin.com/CA/San-Francisco/2554-33rd-Ave-94116/home/934050,San Francisco MLS,421522223,N,Y,37.7395126,-122.4902198
MLS Listing,,Condo/Co-op,1160 Mission St #2105,San Francisco,CA,94103,725000,1,1.0,San Francisco,664,43557,2008,11,1092,733,Active,,,http://www.redfin.com/CA/San-Francisco/1160-Mission-St-94103/unit-2105/home/17304433,San Francisco MLS,421521993,N,Y,37.7787037,-122.4126341
MLS Listing,,Condo/Co-op,945 Green St #7,San Francisco,CA,94133,8950000,3,4.0,San Francisco,4000,19465,1928,11,2238,6510,Active,,,http://www.redfin.com/CA/San-Francisco/945-Green-St-94133/unit-7/home/12400379,San Francisco MLS,421518641,N,Y,37.7983984,-122.4143174
MLS Listing,,Condo/Co-op,2040 Franklin St #708,San Francisco,CA,94109,879995,1,1.5,San Francisco,1040,,1966,11,846,905,Active,,,http://www.redfin.com/CA/San-Francisco/2040-Franklin-St-94109/unit-708/home/1963563,"bridgeMLS, Bay East AOR, or Contra Costa AOR",40938791,N,Y,37.7935189,-122.4243158
MLS Listing,,Condo/Co-op,1200 California St Unit 15A,San Francisco,CA,94109,1895000,1,2.0,San Francisco,1450,,1962,11,1307,2099,Active,,,http://www.redfin.com/CA/San-Francisco/1200-California-St-94109/unit-15A/home/12400918,San Francisco MLS,421522150,N,Y,37.7917486,-122.4144729
MLS Listing,,Condo/Co-op,1023 Lincoln Way,San Francisco,CA,94122,1088000,2,1.5,San Francisco,1057,2500,1904,11,1029,,Active,,,http://www.redfin.com/CA/San-Francisco/1023-Lincoln-Way-94122/home/110052365,San Francisco MLS,421520558,N,Y,37.7656021,-122.4689784
MLS Listing,,Multi-Family (2-4 Unit),2924 Sacramento St,San Francisco,CA,94115,3550000,7,2.0,San Francisco,4116,2748,1970,11,862,,Active,,,http://www.redfin.com/CA/San-Francisco/2924-Sacramento-St-94115/unit-3/home/1635154,San Francisco MLS,421521931,N,Y,37.7890724,-122.4419608
MLS Listing,,Multi-Family (2-4 Unit),810 - 812 Taraval St,San Francisco,CA,94116,2085000,10,8.0,San Francisco,6387,2500,1923,11,326,,Active,,,http://www.redfin.com/CA/San-Francisco/810-Taraval-St-94116/home/656030,San Francisco MLS,421522063,N,Y,37.7433331,-122.4749298
MLS Listing,,Single Family Residential,239 Vernon St,San Francisco,CA,94132,1599000,3,3.0,San Francisco,1595,2495,1956,11,1003,,Active,,,http://www.redfin.com/CA/San-Francisco/239-Vernon-St-94132/home/826549,San Francisco MLS,514686,N,Y,37.7168471,-122.468241
MLS Listing,,Condo/Co-op,200 Brannan St #426,San Francisco,CA,94107,2450000,2,2.0,San Francisco,1962,,2004,11,1249,965,Active,,,http://www.redfin.com/CA/San-Francisco/200-Brannan-St-94107/unit-426/home/1967474,San Francisco MLS,421522105,N,Y,37.7836002,-122.3907074
MLS Listing,,Condo/Co-op,892 Green St,San Francisco,CA,94133,1295000,2,1.5,San Francisco,980,,1908,12,1321,341,Active,,,http://www.redfin.com/CA/San-Francisco/892-Green-St-94133/home/59298435,San Francisco MLS,421522005,N,Y,37.7991124,-122.4138088
